order_id,total_minutes
0b82d66d7baa5e708fad9a937e8a8654,137.14212
3f889b87769867e6c7f1f17358531d32,93.30023
bd376a4c08c7bf72aba8b2886c034687,66.642204
7e41499170818e6e2f0c007145a5bc39,74.49241
7e75b4de15d6768ac1b5df903208dbbf,46.807453
546169804e6cdd3aa6d48add96e7bc2e,62.39664
0063a42f7c2e03b6471f352e9f0043f1,122.1447
aff70ff9eb677ae5b0e531e943a84e85,104.4737
013969436eb1341621565ad15be130b1,72.12647
01bb91e103b3ae2c92a2271b5484c329,57.849567
31ee000b3bb22a6eade3aa61592ecfc3,70.87146
8408cbf9f7495a729227722f37cfe930,65.20659
01f14c8ccad5abaadf6b7034bd92eb09,63.98904
1214c3b09fa50032084d789d7b78e826,80.70051
85aa5a363a41c6cc2ff5c0934a296877,84.46394
f5f114416a940948f0d96d53be108763,83.497505
53d97a23772d1ac4a5bd2ce080a8266a,78.279564
d5d59c0539a09a1ca0315bab46d26a83,88.287704
d75f67fee995c72f0110d5c88d9eae76,103.70856
ff73e055ad479b1c1de614bdee0de34b,84.794075
2e34e2746cae9229ca70acf1c60ca269,97.31946
ca954aa8bceaae742a8a772ca342f508,104.15705
026e587520b060faf748b7bff8c39e8c,74.96509
ce33dccf7d122729f699bcc4d7550285,91.03453
02ac03b5c8113d69b62568606cfef85f,59.78451
02ae22ccc5a3329dfa3fc0e032fc244a,55.374413
cc4d8822d5934139b311df7d0e8d18be,63.28636
02ec9e9f6ba1d9a974085abb65447db0,125.15713
4f9daeedee3310ec84b07a835126570b,119.861824
034d6877d9b2f16912dd2d6fe435d7c2,68.79554
036be9a7bbdb744692cbddb7ac3e7d27,81.988235
2104d3b785dce88c5a7175d9c1528bb3,64.13961
037a754c616b706da282d29e49ea37e8,86.44037
7cca0fcd1cfb4f6da6b259f2aa200623,101.25603
875841a60067ab7ba05af35b9678b304,82.44065
12a4c9136f87c34f7b041d139176b62c,83.08778
534af5c2c56f13f77c4e2a1e4fc7c04f,90.71958
5671eec5852b6bef7b01ccb8dbb267f7,107.936775
63eb5a7aa867ebe73ce3078ada7de707,62.400963
9afb4f8ddfb615c33de9dcc9889f894c,69.493904
c0cb3cdfedfe6e8392ecc083d88eb0ec,66.952286
042cc9aa11d6b60d2f8436d59999667a,51.92922
1b1d40de22d5a470c7f99fb5d222c73e,77.36044
04701baa48d41c807a062bd32b74e053,84.933975
047f182e8b05c956062dc29dd4886408,74.77496
82fbae9940ea7faadc28b0a5f0429c22,69.512764
e1095bfe3f1318ef6bac62ae2c713599,48.543957
70478cd9897f590f4dbaf4d249da4dca,86.43204
3892a406828aab728e905624817cb2ca,73.973015
77b4f3a9bd9d947dc8ece01cf26e7f54,86.18624
0581ea119d21f0d9f533437640ecda32,104.139114
06c10a3fd80d8343310951b9c8f65bd0,72.28049
88fc3b63618e506502b7caa325c5d432,64.52263
1623179d5648f8d85666cd7921f51c39,103.35862
074be35325ce0b68ba68246056bb3f87,78.73805
25e66af89fbc3186a9d3299dee0df1fd,72.06158
9685603bcf96aa29c3b100ccb13ac6d3,71.23451
be3fc28c1b22f88360b2720045a61466,56.979256
b13c2fd0ac378985e85f69598074c125,68.61842
076ffff888d2480522fffcc0bad14ccc,64.598145
5df3b5d06f05f320fcfc0426f34a07bc,55.800854
07d7dae45286fb71d7c09918b8e9c8cd,82.29859
a1c24f326dfc0f29c7281a7372ff2bfb,68.4113
ef7be95050771b8b98a808ff3cc150f9,71.40046
888027f945e909d655257fd57d10bb02,64.969475
f8024f0a48d0858275b66efbca583a78,83.50424
096aacc55e2a0ea40909528dab369b63,102.67687
948ea569c35df426fb65d41e0c368905,121.26905
96e2ee6d71490b0f7da987d3b9d5b0c2,84.91194
564d26144ee5785ea195a4cad2d38e57,129.62363
77d96ad48f945e9825c6760f692b3631,102.623245
8c26d23822a909634dca870ee857e049,102.92079
616c64cdf051d77413d14fc9478a4386,137.5294
c80619d347ed0a48965fcb6d52952354,150.40724
0a1851db4e4bf4c3083873ba7d3518ae,60.445274
462196b516b1f364d5e5e68db15728ff,106.758484
73f334643553aff11c09672cdd7837c4,77.18121
8a7b8131a1c361920f9e1730775c766f,90.53517
b87577d79235d907951b297c4a916298,63.853977
de3ea8f21f89d44ad379d385a0c91f6d,81.047
a798674059400cb499d2a69206e0eed4,83.39376
442c2f9eea191cc75fbbe32c2c80b8c3,87.89397
757ef389f071a6c9a217c46ba8a3a44e,84.35711
e3b66c344913f92289bdb665b7af1536,50.8864
1cb0cf105d6744ab92b2cd9b7d29c41b,79.482185
5d2501a5e9155f732467f223592bb0db,77.48649
f800adc543836d9c4c48ef9de7710767,58.285152
0ed43052088724cd58845c64cbe2e702,127.94594
fcb06bb2043d124484d178c0c87a5965,64.41249
15cc79dbfa26200d69436bb210e06eee,73.872986
dfbfbd7bad8077e5c27e93d1f1136504,118.98506
16568ac89ebd80c568f622b11cc35588,65.16169
3ac7b9eaa97136a30fc2c4ef832cf348,129.09909
f8a024a4c0603e47c2125c970b3068c8,76.67321
30750fa099298ebf5a00e20ade7e3240,67.25141
b5d9d5ce376d7a55a0a61f3e3a9cb95e,111.40031
8276849e8fc7a679a7b405076577ded1,111.81067
0e7818789c7bf9f768a8f0ae8469d79b,118.2153
8081b9be4b93e63a5a96dea3626e4340,68.871765
0ec46f381a24232752bfed6ee47b76a5,84.799805
b8ce914ad8c4ac12d09ffdf82c390883,107.77314
2ff1763e406b2355b0ee856757018747,84.26891
ec74dec5b3718e81b117ded37b885db6,126.7842
f7b71c07b1c8c28766499445f1fa740a,91.90726
b4631fc0363d38ce270b837e5bd9f082,68.497314
0fcec69a23d1f3af9ec3145b0565d0fe,121.39614
63420c43db0468cb26b6ece4bf44cc82,51.401554
f36cb1987e0eb80e05c5c62bf07d2d67,70.04802
670d16b16f8b6bdc6fc438086d8abe91,90.7752
aa621b0a86221dfdb5c815e5f6a51c4c,65.686386
124daa6d824393f507a39c09007cecec,99.37782
2ab7aa2930c54a4decff86fadb56bcd0,149.7264
fba24271641e26b8681028e4d2b83b22,93.97868
3a2d1a9b2d7e9471018b181f0b258e0f,81.97693
fb8fc077c3f51cb9f85a961c84abbdf3,83.291954
4505026659255a5f34d9aa080af45394,91.49817
97ca1f414d8c5eedac2f547afa8d69b8,84.43562
d25db872711962f73ca697ce8b9bb3d8,72.61567
acb5a26423a25612835a75441432572a,86.8784
5d10492995ebd5ba3a9da0d8766beef1,86.87866
75f351a31540fab7aaea92a4c48ceea7,145.37827
10ccf58a4c4e82e286b247c6d719c025,117.41597
1200b75473c1a3896947dc2297bd5674,81.88126
9abb10378e5ebadf6c75ce666d20b779,105.94786
dafacd3c41af75b8636a8a481f7912c9,69.60685
14e47402d45d4d46a13301f4a6547782,81.04181
9eb3166dbec14483d88f47aedc64b3c1,91.863914
124839601d0a14ed2d036d09e34af7a8,72.61654
eca817733c646d72837e1c9618528e1b,88.15166
7c88daef7eab677ba58d5b2416206670,101.18631
4d45d0da4096a8d7c96b759f865570dc,75.14779
e181ef7d0905eca904e27d1e083bb464,92.41307
138640e3634136c251f8a20e1aa18bb7,87.69538
bb320133ea9070f34c16f397f4660385,91.45741
df6a6ff043735b64bb82ba0e3260b0c2,86.61108
febcb999f4cad1c38454425088ba7ef6,74.88803
bf260d3c7726f560c18aa11957fbce44,70.97708
bf7fc451eb034d30372987480647a8f9,72.72023
bfbb73ac325fdb2d2b0eafa67b04b672,129.33846
c4ab7d29026e04e7ee5124b79745055a,113.91648
e59ad1471617eef165c272bec4d21667,78.243126
4c8841951ad675c0f75b1c3e98451ecc,80.86199
3cbd7200a0bdc9930c16fc6c318fe80f,84.223976
15b20cc23f8f030c18f940cb1c870ff7,80.44266
15bc6518db3a18c97abf81712a4baf66,99.95746
15c68b7847d31abd7eec6248766912f5,104.81082
162fa3d17c686f2fe0c2c825138be729,102.82824
efb82bc1949661392bc34afadc78678f,125.90215
401885b2ff8c0e19a5e32cb1f28f8b45,50.508316
250b6223a84ff3c5d991af37c9557406,103.52085
69bfa0d8f19b60999b0f174d3484593f,54.144417
16b89da5d30a63a760688f686f33c5db,58.306843
dbbd2e5d5efa3838fd0a61675bc5c1b2,119.24817
bdf17fd9d12612eb5413e82c3938420b,83.117325
6fa311102b812e04c4e356283bc1965a,63.696877
348bbe2d213941378dd757d99c94dedb,96.46075
47785514dd567b8385a0732ec4d89a9c,74.04997
62b5a0a0c6aad342a21afa0ea7cbb64b,86.13685
e434b73d264318038969ee160a0273bd,68.12349
cfb1a87edf214043b2bef9de223ab2ba,97.96719
176ba7a7c813ea0907d97b541f8044bb,74.21826
5a8f9ee1330c13d636b00e2ccb3143b8,88.55412
25d79e6b7368ff6ed47874a124f875ae,88.818016
94f58e7edb95075e8abd360ebfb39756,64.789536
9e05b047a9c4c167ee0f201cc67a7fda,113.394264
445b042b3adec5de6982ac0cdd59c8bb,91.88211
4a000a4571294a77e7da1c92b4efa573,118.98554
4cc374abd12e8730a49df54dbf9479bb,110.03477
fde94926db30427be954112ef2573e06,75.14702
185bec812f263019687cfb380e418f0a,68.34495
8d4147113dfe613e606cf55f6edceb46,68.15294
e41033690259d1e8821a76289bb55168,114.09163
413e38b14d38cdf54170fdcb70eb98d4,54.035255
88c21c12c99b48a02b1ffda4a5b7bdd7,68.44829
190e66ef02f1c143284948c80948de87,106.88805
6d34e12a57611e46702730a3c1163f5d,97.70344
d90346c5b9cefbb772576640203eb432,78.19446
bb6ce4d0a8f06b109fef7246550bad50,97.60116
19939d2a8a256b979e2f55b6fd1eab1e,86.85461
e33cf2704325c2fff83e2000c064b374,92.27885
73ecbc2a5c2a2034ebc3a6db42c1ef08,65.78561
6924aec75d95c45a8bc5957b5fb48334,92.14829
c8e3c40897ee01e594890372e070c92f,68.03013
1d038c70ca0022bb48d996cb02b1c359,87.34815
3cd9c8f7cb0677474a2b2f6383369985,72.20376
8bfe5c46f58d7b338ceb47206592b831,79.274345
83eed4ca2e0a5f32f70b69b68e5fdb56,82.22052
1a8e75433fd4f5348c9e840eb24e5f88,62.626118
5bddd7f2f9e78e6bfaa26714c241ba9e,120.74959
d33973cc15c82fed6e1cc6b06cfe0167,83.22109
e108a53be568198a0f2894e2c8a7efef,65.9689
1b38c31ba46d99038d0548c791ac9362,68.75425
206544e640e92a2f3ae6a8771ae60a63,70.207664
b98f25f0461ace16a1f157777f0dc87a,68.79873
1bac97c96a48901734dd39be97afe095,91.8067
4066e142808df3382cad77b0d8bfb6fd,81.28382
6cf9a080f5f1b825b0235b616f41fb1e,70.8467
8bb86fdc39da3766b02a8db60329342e,96.08147
ef196861cb32aaceee2c69ba986a217b,109.88202
3b1fce8fa983ae9743ccbed0d7cfe3da,64.48852
9d3d8d746152443a700b94c580f6c83c,101.74652
6e33b433f71fb677c9f517d5ef5fd7f1,78.57777
ae805a5293d6a0a08907ecc9a043ea4f,103.594986
5f61c261a1f1de3a8826a770d58e6d48,119.408615
5fd20289985c135a40b06ba804792f06,69.50398
d213a9e5576a643383504799f1a57be6,108.75882
d72c89030728bb07a4274589277de04b,114.89053
520adbcad4763855e57c99e8f4ab41e4,100.82936
1e2953d7cb438a63680e370c2eacda08,114.61974
62afaf2caabb12acee9451e136e31ae0,66.58552
a7a383dd0d3cd4fbf4dba7ffc6dfa4ce,87.811874
b0ea9d596790b3e0476da41552c03e91,73.997856
e72ff7085cc5b80572e8c2fdd4862c24,92.833046
248a91aa05b36000f9cd86023fbf0917,80.85634
4285476c73ea499c59398168a49fcddd,81.90244
4b62c72371889b3cb52d6028fa048057,67.041534
e3038ce28bacd28316fe63adc5b61a39,91.42013
9cc2738807da9d3b78797542d40d1ecd,105.66867
f7b91435b45e2434451d47ea86304ebc,101.524
286bf1c60a0b8fb52a8727159fd960cf,63.8229
5988cd03b80df42c4cc768db9a6eb03b,48.61007
d7213e8c2a68f442b71226c51de42c40,59.019623
21c49476378979b697dea7254a2c2c4b,131.2149
4a9e9db78222ac7192175193c6a7f41e,146.42972
3ffb0849d0e5794bc82e193164b6ba9b,94.691124
b22726539f1be26ba894479f19708276,76.03555
7cf1e0c47dbe165ec31aecfd4ce1b2ba,71.87666
f0286232957c0ab8f6f772043b651667,62.76521
2282af3cce68c677c449e5164e6312cb,53.11435
49d862ba3c7d04b3148d1ba1495add77,173.86966
236629de8558585175506472c8e35762,56.764244
23977669e14be420be04ee6fc3c51168,94.88431
a34538607089bc9a38d570d6892ab872,51.110718
24e3cb985c91d9e0275b8170be0832c3,73.01649
437c3ac290215ba5bb038cf80bca88d2,119.53116
dd761d8e8f3f4a5d3bb6d3c2acf84a8a,59.244205
260ad2d9683ae9724d7b8e1f3064e894,68.3878
7cd49b5a651ca46f3ee3f04824c23898,81.5085
4dc774d89646515086e4e579a8954740,72.39641
2d6ca3a058b3f2090924241c3bd70848,73.82807
373d00a1da1f146bcdf96f727ce532b1,86.94174
2765bd0a47f54f4abf5312ac598f707f,107.000465
2df8c47dc70d7121f5f6913cc4f07771,95.96158
588f6217b6ed07ddad056d84d7822531,134.44498
80e81dd9b9d24cb517ab8cc52fa73d71,64.47138
caa3985ac00cbc579b047b9a8acb81f7,118.88295
5a6f44e8337dba56122b4b779e838001,43.342236
d6db236ea2154652de617656d5786b04,66.531166
6f83302b7d415608c8fabd1adf6c58e6,77.34203
29854d59e82966e84d9efbe3f6719fe0,64.85632
a431f8f887fb248a76e943a622a93afd,77.96868
e735ca25c3bd92669ead358e7c594f83,70.002266
fe2ab4464eaaf77f24a7f5de5dcba342,96.57517
356e5a660e84bdb246df34a4aa82e475,79.42936
2a505e5150ca97f48cd4db3a61e4fe99,61.007725
e8cd9fcd215a1dd1fab33e21e86a76b9,72.29226
2b87b2c0c117b28042775798ccb87cff,83.04519
4576f8be2a744a2ff869b15fdba4b2e9,53.44929
fafb477fafdf7181349a67b09b993a57,79.95437
5540cc3fa65818f4c6e244c99227f568,107.697174
8e9ae96e124334bd9ef3f8831ce71dc1,71.01087
f81fe5c31d2cb324e0f3dcfe427fe476,61.54081
2cdd723993ef42bd9052be54ee53656d,103.4529
5d1fafec745a09c974236b913823ab0b,86.90993
2d745d1a4460d7b526b1716376e60090,89.25266
b346b54486ef2226d14bfa8040c56395,85.69778
5da1bd3eacd43a8552010b0195eb76a8,65.259834
4eb2d6b3d733370d3f13d6e9a6d69095,98.93983
ebf6b46991e9940bec52982601708e08,50.51102
dadc1ec9d71d1fc7bb387f41de1fe62c,81.80656
3176345959e89555fd9b317e2f5f62e1,59.73475
b89858b0467dec1b53d939b262ed942d,65.54678
3185e152021ce69723d4d8f758c19e12,80.615135
d023cc6bd4832adb3169e6888af12b6a,87.839
d2ea3bb9beb833c84acef462177f71b2,67.29986
7cc0b56f332b95e77942f1ddb8e37a81,65.304665
3ddecfe3938061462d6c7673a91b32c9,91.03036
46d0480d44ab25014e95bb77e636ca35,106.24059
334e02e010e1afc6a2a0778b5b00497c,60.43709
5db6bc83085ecaafd908be8594f92a49,89.20012
ac7d4271939fc843c2ef5c468d2c1d99,71.856
34808c0a0ce290d13e30900babb30cc0,83.885124
a014cc2c5e3192984016a7e05b6aa4b0,99.24862
3484bd0097c1d29a24e5498e3fec2bd9,83.03395
9c95437874320123de2844460e56afd4,74.36396
3cafbc0b57c19a233381b4a9ef89e1f2,157.72343
a3719132ce4e9345eedaebb21f0a438d,101.779106
fb1fd1a4394f93ff77110f70ff3b01fb,80.767914
4bf8df61ef4129f5778f1ad88246041e,78.55395
37568aeed34780675430420942bfd442,105.7172
71ba3b4fd7f146bd02b2b85e9cea8b59,72.0334
c2ff791d938544fda37acbc5f7474800,64.70638
c3d95a59644abd8ba615cc155c93bcc1,86.58235
c281f4b0dd3c591189653adab9c4fb9a,116.960754
c459b224d53cb4f3a417ac0577758177,95.69038
717656753d51416d2e4d6e5ee37775cd,76.51873
73211742923c0796fc1ec8b182a5196b,51.277218
3aa5f61cd047dd88d320197e4cdbbdbd,99.929405
67c1e65de09218fc700810ecc35ecc2f,64.38627
3e29783e9cfcc4684c11398956f601f6,93.8604
bc04ddcfe51bc4c021b55d0c79c21429,145.63744
9ac64570e2400fa25db440698fe0557e,69.29745
3b275717b3d7d0623e53c1b4ec07e5ab,126.294815
a12153b818def969d607cf9970ab912f,85.45269
4b06ea613376a4b89e44406d9bf5bce6,63.370453
3d378235288666cb33cec890c3032765,77.483826
fa7000c783f247818db475e9b80e0c29,75.19463
914bef6a956517261ecfcf1ca7514386,90.05638
3efb698369dd52d14a999d137a5dd63d,72.05236
4eed3cb317912da4ab0bb4eae4c42d8d,108.3352
92edcc390207bdafa9e771f4fa060337,56.38908
d6fa3213b78758a5ea01d1cf3648a222,49.193848
bf6690b680a3e11a297f50a68882bc03,126.37903
40914a6ebd5831a07cd257e8b33ba627,70.84629
b0e70b0059a14295bdd63fa9c7109b8b,75.302284
41297e95f1745d6ef40dca2f88d8b88f,67.43653
41ca0bc7ef899493b1161363d946019f,74.468185
432cd31b36cdbc446cf04bbceef63d3c,84.944
bd12ce00a65443ddeaed083f7c8479a2,93.9084
4c30c1cc998453cf813f78aa7ce703f3,91.59919
43992a34625d97cf8946d3da5eb905e6,81.467766
710711f69fc2990ae1a78db77c2a6c96,107.43731
6b302706d44839e2f3c3a4fb77b6a899,58.652725
91ffc5186d5f1b6e54ae5472367b9354,85.541145
4750b11aff08e58a8b3213533d3917e7,79.45008
5f731be06ca1c86aa01d359e6ad53096,75.31396
cdf9fec582c965d2977c41b8d04d4381,98.29738
cc8dbd153bd8a134906ea6b1d82608f4,55.998646
50abefc815cae66d7f5f966f1b189c20,71.01606
8c282293f8747573e5e873c4acbf3cc7,102.339355
63ed0a09a45bbd6e352d80d167e23dfd,75.6201
6e11eeb99cd912fda5b666d9063ae5e8,53.004677
4c9881d7b3765d00d5d2fc1afc2373bc,69.05527
fe1e327c88bf92564f3158df7cc4eef7,74.85225
4e0982ea0a02a2d75fa9bbbffdc9267b,102.46995
ef23e80e7641250113165a7097636801,90.682655
52ff1c7e796ae034a6337f602c953a06,109.19087
4e6012e6f01ff281686947a11a6219bd,121.45725
4e751d74c8ba68a5bdf17d087789d663,93.87933
712fe9ae31ab5ad376fb6db3c9928527,46.15738
8b38828c5fdd8476dbf794495ade67e4,70.69921
cab329e67dc3926c214bce47c0bd0832,131.57759
fcc2ca1ea94a4dc5596bb5adbc7fe6c1,88.40652
505fae56d6d5fe14ffd0dc4e4d70d161,81.72729
ffb5426737655689d59b6bdf92003b77,114.687386
50b08b192984825b1db62dc9a1c82d32,75.92116
e5231c41acbf99da0339627fcb6f925e,69.3292
fcb08b3aeb970215cbeb0dd337786e15,74.91341
5ca3552e402adc5903e081742e651820,73.94785
597a2dbceb434a0b1cc5049df65c251d,100.539856
93d116eafb2ca5f7f563f50e9e859bb2,61.52735
513107d2fc514e4294815ae6a1c0322b,92.979065
8ce6424cc868ebddd11b67b5e18e7a23,139.79407
b3425d2d12c1d44f4a529a08cf99ad62,71.84228
534c626bbab86a26334f932025aae684,117.80394
54577e71619cae8ba3d10c3419e9e221,62.337757
558bf53933f2c1f8e26824f9cfd73c64,89.740074
55aaa2b77416bf7c1c4356fc069e43e7,82.582886
8544918671ba8bfd8917dc60c762660c,98.09251
d8725318be66a0c7dd4ea7734c7ec99d,67.94829
af3ba7eefa0efee298bb935c989f7f06,77.40058
59cd30e363004cee783c8199e6d0adf9,100.33459
5dfaff4e832febdd5236caaa9c865ba9,53.482304
ceec68201cc65967da79f310eba47267,120.472374
93173eeec48c17080ebbd744f1a55ebc,95.06645
5f5997df9e61021387c887d68a42ad16,58.872543
a9137b38926edb977680477c729d6f85,88.22915
fb939372e56e0e8d2c7ff3b6ba4a906f,112.51355
d1b9d82c09bde3c2767294a23f423c69,80.07179
62bd3ab74e8106345c96926f917e15bf,121.206
f7507e7fdc2b9720607e93833d3300a3,121.13708
dda519bdcd220015e8389ebc9e8f26a1,59.911537
6804659981ec02ed6fca4347059dbdff,80.86029
68ca84cbce12e85b3efacc7248ef8123,53.35057
90452f45ad36bf5d3271c40e0a89ddc2,83.585945
822b2415558f58941e5ade283df7f404,60.159477
a158ead39d2ab957820298619fa853f8,92.63371
6cbabd6e0ed6bb1e12d25d59d5c8cd07,113.48968
8915e451e04adb75c32384681e28b99b,85.670074
efd9b15199aced4c7f4dedc171833c2a,158.68286
c6d11f9475e2ec6dc67c06077af57169,97.67572
dd5196b08f552b14e98c594e45cda064,60.243553
7036478d8bc6da538d6876fd467ae7ab,119.28207
ab63c18a15d83474571964f133f46f5b,108.31848
723116be006c80c3d9e3a1ed7688ec26,90.05485
7a14020509c4eea8dab62cc5587bf3df,107.799614
9c93a3d169b0e4ee509adfa0274f05a2,62.20597
742c8318bd4b691ef21517372e12eb14,92.3134
c53746a673fd9f1a005d652ebb2245a1,69.09854
f6d53ad782a16d519c4bec3f0e63589b,75.023964
76a1f174200224096c44e6582d9bc309,85.06162
76d8413efa6ddfba3023b600ab69e2e1,98.275406
a65c84452650a7ff5c06cf6edd689be2,96.253876
77aa90d529a8a4e1446a53fbeece0cf6,89.548195
792e91faf9c94b4c60515b4d8f8bc266,93.37438
79476db2d2ff59123948ed4285e17747,66.503105
7ae7421b4cf02ff2a0aa184e5c4b4a6d,95.89448
e73bede4d1f05b53da1e28f2443db2b0,65.03788
9d880fa3d8b78388f76c69e53478cbbb,79.19634
d9350ef437ab6216b3166cb444db59e8,104.410164
7fcb9adaaa3312a10431c478961f9522,83.816475
984ee4b6a0cbae164ed256cb3a442319,91.31261
84be803f2c626236a564d34569c9330d,65.609314
bef6022d3b6a28cdd5beddcde84c6bb9,52.95829
8a29bdd617be9f72851b8a137f713ba5,95.15858
b3330d0f5eb265e0a739b808fbc99488,84.10882
8bd961e4ca15b2c882aa58def1bc69d6,89.36146
bc1d4106278d1e57dd1bb0791984e8e1,165.98499
eba24d50f63031b659a1ea9bf868fe5a,111.00432
8ea536626ba28213eb00b5b94814131e,84.36576
90b18eae03344e221e5dc8267855b53f,84.49311
fc3e918649b10817c4b68b912db6b3d4,63.670643
a58bd91fdba7795e36022b746e0e8246,69.86373
dc968b795c242f6f36938c602da2bdeb,66.29059
ce45fc0788fe5a88915930bb30698cb8,127.28928
dc4e77f5f1c590f646a8625587a1e1b7,79.307175
ecb929d108ac98afbf01df34bfe48599,57.75192
99b682f56d6d9237f839923f93140011,77.64997
9ac421dab6fc30845675856a22901a63,78.67655
9cdf5467061c2ea84d90f51fca669a71,120.31888
9cf2770d3712505742aa574a1665d9de,79.34962
b1739039197ccd9f11967b85e6296df0,69.026146
afc59c4e72c2da3e763c953948f33237,51.528904
a57b49058eb3c32b64cbcf42f2228240,101.350296
fc1269f4d33092007fc4ad86522d96d5,73.34442
ecb0b1beef764c547e326e6c298d4191,57.164234
a9ba61687a247203d514e6a37e80b3de,79.20499
eac76f5f6ff621d8e21b01b69a4e0813,90.68323
ae6c5ca6189a527784fa5e3efedef6c3,85.78179
c0ba9ce00850771b267c64538b22f257,83.28235
f44323a70d3aa2c87dbe10d68df5321b,122.867775
b3c55803f7676df228b6ad23011a980d,66.738686
b81ea54fd95f0a974efbe4ed6b1c5e40,74.271935
dce98df76d507dcba9f242d87ca75982,64.58515
bf7672f16983559080a18fa1ecca8dbe,106.05482
ece5d431ede188377b448d445f293740,95.9399
cb85289474ae092cf3163549302c608b,135.57631
c072c7d47d45e11e7f6bc050bc340ee1,99.911705
c0cf132c20d46150308de5a9c00377a8,100.92672
c328f001986f7253848a1dc2fefde3bc,108.24621
c3ec338c26c978ca865142d999a9d062,51.16835
caf52006404dce843c0fe205e4a51df8,78.031876
ced855903ee00eefd2486ccdac37b2cb,50.44513
d40963f3417f2dcc48d81c418f43ad9f,103.39594
d5bdb444a3863f88cf8cfe35019e6107,164.33653
e0e528fe6946c51d95e443ea58af3d15,90.662094
e22048c847b228746919f7eb95262268,74.87307
eb107f6897137024d63b9d877ec820be,173.23785
fb1599abab426555c4db144def28ba09,157.83525
fc76cc3308fb02e5470e44f9405966b1,68.88639
c2d678db83e27ea8efc6c70fd96d27df,51.42103
0ecc872565cafdd81843c4c19749d21d,55.493305
fe06916148d029c19be4179737bd1c1b,63.89986
b8069fb2087948cee200006db2b90a3e,40.48344
844997a2a7299d6979a6f50008ee1151,60.918037
677e19b1142455b930463aa5b2aa19b5,55.89888
6f32d1782646afb7eee2c23aad33c19e,49.401913
b855f7b6884063cc9d58ec433a6c21bd,57.43309
04843170b0f35fb1ecda1c5a9a4cc49f,84.41282
8268c68eafaf43f2eaaaf6bd2367a0e9,55.97422
a4288a7c97f435af970b1bba6205ae54,72.426834
00b2105a5bdcf5a556dffeada72353cb,74.02325
1a19221d2ea4041b9f29d22b4946f264,119.097305
79067ae34757e7033abf6e6af15d65b6,76.92948
6ed112486894a5c2a0741d1dc9485e58,98.17559
4a4f9eec6c686215e5306fac8a78f0d6,76.91723
6a0d896b618a3faae23c9e97b951a143,77.587975
bc1171e36e16e1b85c25f424664a1e1e,76.27454
054379a3733530ae444e964467884d07,162.12274
06ecf2c686b9dc37314f65249cacd3b0,153.97581
cb4edeec109ca2313a1835d79c68de20,63.234833
7e4856caac7bd55549b6148cbf1749ab,71.68506
096e86be65dd299dcc5791a57aaf4acc,73.84709
a9ecc5a48e0fceb25fc8c2d2aeb13c85,68.035034
4c1ef4c641976ddf4062fde1887677ec,89.34408
b13c87e52222ac3e4d4174d20479dab6,78.61606
910c94095197eeb0e513afacc472bef2,119.55995
8c1ae4e4abe2574b53bf427d8545bf87,126.68005
bc4ed88821ac4f7c05729d3f129daec0,87.15522
0bf2b8da783570615c464c78fcf0ca3f,112.33454
0c2d71097624abc6ae88d52d8d0f7db0,54.317814
0cbb33c0b8bc5ef25779128ff0d9b8a1,75.842316
b3c73e8e054a858c18de47eeb47fcb0b,95.23355
0e765c50f496c636d04318bc8d62e09b,58.111523
4890af337fa8b56b61faed8a92d039ff,129.77048
1d06d5c786268984b1f90b2db7c1830f,128.69984
d310cd2b3c99fcd329a6b06238580fee,88.43275
dc763a8e25d2343c6fb279905cfc40ee,70.44283
150bd9290b2125e67541098173e2cfb1,97.50305
1b44fa7aa056b6713d41af3068bc0fe1,92.69601
6c19b980c37af60f19930b838b384a57,149.96635
f59f1ae0d89814bd0f94c4080678b7cb,60.542316
cfec0ea6a08d9f3bf837363269fb4a32,81.292114
aac2343e862ae3a022c503ac7e574f01,74.015396
efc9c37e922fd9bd81a793866123c83e,80.61274
afed17b48e2276e0fd5a0c967bbdf9cf,71.46695
c0cfb0b8ae2b0a445c8bbff0ee208273,164.39589
4fcbdd61194e6bfe7dd859415f43da58,57.38794
cb4d4a2e3702148cd3cc192e890280b0,140.51286
62f4b6abdfc38bf502a77e01391701b2,54.155094
cc0f6699c9c05a483abd2baf35c3585c,70.29198
8dc0febcfdb32aa34789fc190383175f,81.188736
b4a06cc94a27856c5093faabcbdce390,54.67545
2381df57bd0a15f19e270be72590f459,74.166466
24d3c77a3a16a2d9fd455e0c64b0726a,77.630905
93d30249cf385540ec47df8624062684,97.156265
613aa2b12a93506f8e9c657be0cfc8b4,81.97684
7f1675df8ad5e14a71f3fd34747f1525,69.20889
2a9c76277e48ab854b0f49221bb0813d,59.526707
be727d73b5f666300cb52d3963516579,84.129295
2ffaea7ce4a6dfb693d0dc146d492172,102.11792
8a4f8e362801ad18ed00b876e7bd1d82,117.0506
dd1c0cdcf9a72c694441b006314fa560,77.29545
6dae6ab972a2d4e3909093435760967a,143.76414
e0456f270d70cd10f943fe4c54ecc66f,105.78168
c539a78331fc925bf3f22d2f7c56543a,73.65588
42d541d2cc98f58ae2c8b3b8baf17b4e,57.853188
eeaf9fd9ae12c366fa14b78538fa9a1c,73.42007
db6ca66120cc1361e92b56c0517574b0,120.01016
776136611aa2ffe63d476be7c12075f7,72.27461
8e445068b52024d327f396451523e6b3,106.67082
fcc913edac1da9685a4cb23ee34c7ebe,141.29384
5605d14386e6e0316086aaf29773d05a,80.35827
5da6222e48e7bab3fa777744232b8950,85.20334
dc96ae1d4047887789b4d1b0ee109240,76.33556
5f60117578565c33bb53aabf95180fcc,79.25591
5fb0c1bf4cada8a0f2b6fa35d02b4fdb,78.65761
bac3023b1190c00dc020c558952bf348,96.22187
90d000ea28bd1fe42a476320980c9189,91.897446
6a517c0b810becf4b3f0aee8e068a785,91.17134
b4677552ea18d9f0b172e931c0e8e9b0,142.83107
6afe3288d50f6b61c99dbcd5d7f3eec1,85.91159
e317d337ecf7b2fea965fdecc096d5c6,81.1738
f67e4c71cf46ef411d244e86943ecae1,109.171524
ddf76dee29a18bdd88a04f8aef2e82ff,97.80738
d5ae4b0fea3363466bd790403ec2e7a2,86.960464
99ff66396b2736a42a7744075ec7fa1c,75.102776
82bf985b9755679fe7d8a42b436ceb2a,67.91116
828fae52d82ef561044e834a3471654a,109.34902
90315a902be07c8355b3b29c43d4af0c,77.59063
a00db061c605cc0322171c8012460125,81.62897
bf3c2b18c9d6817f2efef84f78897c47,114.02368
c05ddcd1527d5676685197f57fff2324,97.52869
c5e0d58824d77bc13c33118db1a6110b,116.5956
d195e87dad88eb7d0a1b79d37843cef1,105.79582
cd7df622b6e3063edfb88709d46576eb,113.917046
0183c4ad829907fad1b152aa7ea66334,52.08478
4789898eadd45a33cd30f4551efbcc9e,85.38414
3c6e2fb359834182c626bd999220cb61,76.326614
98c5736fefd9aa73e028f71cd51d606e,158.84608
707dc07dce04a056e7e7078e252c98c8,62.50596
a7c0cb2d1dc752b37bd10c4ac18cbef5,66.36937
8e7b1844c4b37033b841130dca124229,62.227913
3538e2775b9df2bb69c448c10bee6b16,79.17074
0536904a4b903acd090a99de02be1e6d,95.15903
05889e98db76081e60a258c9d10a14c2,45.42829
2c9d517002c24768e6b6ade1a536186e,54.760845
f28e0221986fbecc13e9f6d077eeb811,56.07489
4f5e16f46b95b81ed9b0b5ddb84babf1,60.232407
07a55ffbf23bbd00ec96534e5fc2cad5,90.57339
a030ba1ea6768df67411f3673497b736,67.40282
0956e6386eccf1619de913e44154ff70,66.13386
30dcd6b7b0206a83d0388dffe1bf2f94,76.3758
095fae391d165ff43aaf1df17c630358,69.311424
5ce6aca596e9408ecb70aed6ed9dc187,121.758644
d9372c8ecab99741d4d54f20518eae97,109.979744
608b43784ed0d7cb8649b84a8cbf65f5,100.58541
41e4f4e39c9068ecb1a4e49ca6e5a949,69.44276
09d109e7d370821cfa07112f80a64f68,132.2139
31e5be75855997b43a902881664415c9,114.95675
418d90f16a99cfafd5d6cd43544d4469,82.26443
3ba92ec5f13385303dadbe0389bdd51e,73.43274
10331d5f0fce606ee0fdf49fc56f4e8a,121.35601
8b02520a70b12694a410bef70bc6bfa4,67.87017
973a998087f5aa9bd405a2b6adcde2fb,65.85914
e1e06fa4b4457c30fb3664a0879854a6,78.35017
7be04921e8593833ac885640e7b4997d,50.235382
12657e44957d0b490f3808eee64adf80,109.60368
c4cf3cf7164dee3d6161c71929abe24f,61.175365
2c1d70923a7aa4c5ed3350640d80cabc,85.357994
210d8fca3599a6e1e3123a40fe58eb6d,52.399292
bcc59184d67ebddac84c7b7b8e57bd3f,57.55068
e4b820bbec6abd7f0e45c2b7a903485c,132.20224
72cb225c930bf0c16fddbcb3ed50e44f,86.563095
b5719a467a6585f946883286a33611e3,73.70994
7d4c2d9571ca1b4bf957795a92fd3b98,54.605267
d7ac6867c912d982c53544e61284c3e6,111.82601
1beadf4180c7d89d771627cf56c2cd81,63.35391
bfd6360687c7f1751d7cd1016f99dd73,55.775684
67217ef6bc93f4f7c9045990298b58fb,154.24173
fed997aa3df27b4c7dd0f2c4370df196,60.914238
7d9ebca37c98b772bd26235a22b7bf57,97.913445
1d8750b9691dc3ece5d3fc045903d093,84.42131
a7830d2c6807a277f0f94acb31cc9c28,101.86069
1e4dee201f3523f01e679c37ac6857df,88.68826
1e6ceda1d1aef3cd31c906821a101d2c,54.72862
4446bfffaa5134425ed77261855dff0f,70.067825
d58062aa98b15f0923d79e04a47a8c7a,105.4426
edd9d561ac322e012972d1f3f76deef6,138.7668
ba5e99e2ed33f507da6d463f785998a6,55.77524
8398b30601b169e71dc45681e71b37d1,57.75221
d3816e7735b3155a069d876fb1c4a8b8,44.75913
fdd4480023eacd0d2057b22695e86788,73.97722
41fda65b22773e16032742991345ba0c,93.32424
f2af09ec63541633a501828ff0fd909a,82.60768
29669b6b9f9a965a9ba71e117ffa759a,47.746067
7532ae6588d89050f3a4815fdfb1266b,92.09617
90f6dbc369323de8a8630507d49a8a62,58.187435
c816d4d0ba35831d250372ccbdc74b2d,65.967354
4e6fb353c66e7e0f36826ea8a63786cc,57.000504
55a385fcb11951d397dbfb2a73a720d5,108.815155
351ebe02fb189cd6f38f93f5f23b1837,48.44342
b185c66e66348b89cd62207d3f3aa401,62.808292
464b8c0c52078b820f4d128a1b31aae0,85.56221
8ad148a93803d0f86a4ceeb9766036d7,85.45817
37c694d5b48a4797f9876539c94da2d1,82.48709
5559ba7926ed67015a157f4eec25261d,46.25841
375b020fe4df0d86eb64bf2348903373,79.165764
f9d24f62f6675c36143b2c991d044d37,62.48346
480c48e01fcd14cf579672e858ff09d5,49.53103
fb53d19d89fe69a4f8528f8255071510,69.22067
3b7adee39fa6ea4944dfa6d0af8b7215,65.02004
b01c5ed6de3cffa90f23147afd3bfb51,72.06774
3d541849368770b0c6778ea850d87b87,52.036743
402748677bf4cc45b0eb588a67f94552,100.34841
8fc65dd2ad861b2cb7d513ac9152a8e7,56.193684
41b741d235b208f0c7eec3cedabe8334,50.16835
4214b0e2b7982443a612100a4af3631f,89.2148
9ba5e66cfb5762f16748ac9132e836c7,76.827354
5128921b7b05814064a09d0e7aa2e0d8,89.41704
4af90091a2f9ffe0a1956b3f610e6dc3,95.92799
c326375c63b7a28cbc6baa1ecc41301b,144.8796
c0a8a59bb0bb929c406f79d991bf0945,117.81772
5068f7106548e0cae973d0e9fed9dcc5,63.93165
66a4aae1111381f1f7e3a4be57f54cc4,51.916664
9c20b7f885ba994cc071a301f4c55c7b,114.19298
57b54bfeefd7d9760b6bc52cf2614cc1,59.51753
75863104d75ad638a33a73e977667919,87.907364
f2fbaaeb02ec47ce418d43561aa83b44,49.11201
d7453b22249c1da624c1515515579825,60.220043
5e448b8dfdca3fd8d4db3cffcdef3f66,81.360535
6458ea68ffda8c4020ed20b00c69ab1c,98.89869
6fc4fc57bd5751ab31ebef62109c4710,81.48012
70c91123aa49820f67e6e8a85ea6bd2a,98.27576
d9eff9a519553943caa51b97b4c8619d,91.396385
de6dda69986ac1d23f61ff73536be5d5,59.075336
66ef32ea3d38a3e756698fb16cc2639c,74.20162
f9fa6dc5cd9c51f62fa436b016e146d7,72.48126
d82145f35b566bf6f1636dd86dee86ae,121.45262
c3cc809a0f75c67cf5ae401b95b8f2cb,61.594822
85942eaec9fcce1bc1675055bc2bce68,77.4402
e79423ec4337b069a048e30708371323,98.748634
71b25a4f1fdbdae9b871d2b8ce350d9e,59.634212
965bc8a64a38e0ce7fe3915e36734626,56.948803
ee8760d7040b24a55a503e3fbed6fadc,61.015926
fb16bdc8ee13cbb5af7eb23fa92ba365,64.672874
cff10c06d8b8e722e706bd5f3be7a077,71.33572
9ac600a4e4b88e819e40075b8120a1a6,65.13768
e307748fe353c4cb1f867c8d0c093a62,77.95622
a15629011507a43f5f20086ffc894611,51.046837
a4dd90c0bc9fe12f216fba4a1709c958,64.14029
b4fea2896a5b49d8caaddcf1d09e73c1,73.96694
ba7d98766fb4fb958ca93fae43da24aa,104.112465
f48a26b72e180cb03993eea61384883e,88.45298
f0ea9611c17860da75e162518a3e1367,87.37201
f800c3b4a78428895ff200087fe0c15b,52.81861
6db124e28eed07b2093beb992dd58888,72.03569
7e3979ae9582eb118930334ffb2081da,73.56899
e2fd7173bc1285469b94415aa804e5be,75.28817
71b68be602f4b5e898e1bebdbdf1ee96,56.8492
e970b5a79f4201361b91db87f6a7ff2c,88.0164
d2a30ce20930d18b0f692907d5a1e364,87.73751
84fc19db13a6d5c7316f5520fde607cf,80.78176
219eb5cc473c0f24e3b0a9d1be299c96,66.014565
518a2627a8f3621bb5de425061813b86,61.971798
eb0c2ee531aae8208a3d47575e1ba4cf,91.706985
ecfdc05ab2ccf5e9e6b73ff3082f1f29,105.35937
01b1c652ad8df4d7f81d5f18bc096929,69.78503
0279615a2690d1676fe4ab2478d8c8c7,124.53142
cd849625b937db25dcaa745c898995f4,85.31827
a8546be3a7836b549a692efd65ddf414,97.58296
41e30debcae2d5e18ab901a91afbe55a,117.02408
47e797139b27480bd4522d69253681de,81.82044
ea2e75013795cafcedfd1fb64303061f,76.30786
ac37563fb80078e6acd1ada4b208641f,75.063225
5fdd734f9be45edcec5ec85e1a6266a8,81.85779
a53bf42756b9aa6603ba3633837d2b23,74.657
03721e394d734fc03bb3a7e4a325559d,62.187443
c1554894ba2e3946013f760685fc50b8,61.711666
03ba7a78b5b5a5e8d1ab70e0c547f036,71.072334
fda65754389c78fb1a6312401fe7c70f,134.8688
03e0f2c31305be089c09e264c07a9947,58.9121
8cf9a1d88cd082a7115e8e4ab3ceb2a5,94.1024
1c668995cf6ae94d9bc36a762017a031,73.375885
1cc84a4a908a94a5e3666cfde9e11559,98.45336
d87718632d961d4cf32d8efb7b0b367f,80.06045
8bdaaa50cd062e06c165b00492b45b38,88.351616
48ebac79fe38fed576f99d4cec4a4df1,83.558754
906c1adf3e6acdf703fc9a8cb7a54843,101.37372
86701f032fc6e009741929187896dd76,59.84841
71c22abfcdae4da7fa1e0da5eb826071,96.844055
04b4064619a8763d430e9935ebb1b8a2,62.8296
64941a7c59fb03792732ad255c00692e,51.41825
8b463fb2a4196b8230ae427eb1e7bb76,76.77312
b2bd24a8089f10b72be1cd2dceb53a99,79.482635
f0ba8f44af4c8e02ff02246c5129b796,48.12794
1bb80a89596849eb7fbdac1878d757c8,69.3153
9b118306bd23653ee2880411d98568e5,63.933548
068d9a11dab2ffeac029fdc36451dd68,119.78508
b5dd1ff310c53e42aa22b9e6d4d2f98d,67.6667
6bc67fb1d8cc2cff2b965833bfe908a8,60.800594
bc5d2e5ea3aad85149bc44456b3e16a1,58.969078
069a27d99b90c31e7cefa1e5e6661b46,55.600803
06a1ba38b458209d865c81925d07bb3a,63.355526
76214e3e46a738a580bc7750d67d121b,80.40152
84560975ac766e5f94cc976781bbe490,77.295555
aabf83b3f6e8e54b8e43c2402ecad7ca,56.77079
6493e8ad07b1655b6493dd39dfa9f4ee,111.19866
07168455957c2228f13018ead0d91593,94.4288
44966fc7d55ab081a43dc7cd1b69b792,80.43194
acae2f78f7f5ed23af87da8de2f0bf5f,55.861526
f7ee6539ecf1a4800745d4309fe78899,52.781647
08e963cf8c0c7b727f42cc5ccedf2f28,66.02699
fd98e1db2e003823b98e44ab4493c646,81.288185
3a02527757e5f65eaeccd7e665b103b8,44.68442
099e7ac0ad28662ccae5d5d6dc6909ac,50.298824
70395b52b21a59f57e16c6acc7ceb2d1,54.122707
6275a4043d460d1d6c835529c95a79cc,90.24537
5343038a852f2e388149443b735ff5fb,63.030926
0a9f258dca09a92d50b57a6254552bb6,116.13143
f6a1e415ffbc71ac7fbf7056b1cbd44d,141.81087
55aaa4723e62d4b20bbc13afbdb2ac49,52.05954
b6f88d0be95b0a3f1128121ac3e0d0ce,112.69572
5035e67196cde36ced2b9f56dac23f58,84.83621
3205f6e4df57f95ecf0c5ff9b25e0999,55.747528
0ba5b71c8abb65aa504d883ad7da012d,148.7437
0be282ad0e34d3415fed48244a45abd4,82.7129
0be92484991a5258f07fb5e38e2233f8,61.86464
b3d2db3e4070ba720b6f9f4b6eebb87a,56.096954
15a3bcb398527e93ca0e897499c87356,75.765884
ed927512ce134e1b18c993873be97d49,70.083405
d57fbf9ce85d6af6a5676067bb777619,51.40703
0cd3abbaf349907a3514cb98bc1cc80a,66.38392
cca189eb2b1d3207acf7e4e8543b3144,59.60104
ecd7ec2ead207024b385386334503ee5,100.25874
6f213b7e5e37b8750ebbddc1a2886e3c,49.47127
0d85030192b5a182497fb920cde52fd5,90.164185
0e0780f92962a2d5147103e3df694753,122.22675
0e40710440652eca86bbb48ecf2f928b,54.280296
16721cdb66518a6d696b8f08b782a39e,64.2582
52ed9432e774dfc0e7772ba137a245cd,56.1374
c9a29a8c9de56829e884e5ba20aa8b9b,76.24991
f2275c3fea9188d97b003c7d310e14f1,66.4251
34803c0bcb366fa99532428cbc581381,54.493797
f7e1dd58fe237bfca244fe32d5b98246,60.075188
0f3ba172dc1bba98411712bdfc70a2b8,70.185616
89cc5e0456aeacb7431fc9b783a8584a,73.83029
0fbf88d18a085912857e0f9270b2471e,84.50164
ec2d9c02817128871a5b1bd53ff7407b,61.899918
110bb46fb9841250e8df82e48500a738,75.36618
a6614ad6022be29d556f1e42ba46a4e4,67.88459
6aedf834283a11881267ad43ddc642f7,63.466312
11bb636d06596bb8fb7bcfcf852c6cc5,84.82722
36206cff7bfe920f156419151c18f766,118.95878
125aa68a8f01b6b934b96674abd53148,59.249386
49dfa4f6a4d5d017c4eb274d5773b955,71.11829
b7cc68ace35270680eba0e50a60a6ffb,84.26343
9cd708ac73cb4c79bd0711d4b2217f4b,41.745415
2e85d90d16e98ae64819f1b0dfc690ef,45.63234
d68a20e30e03cedaa119e21f874e8b89,83.879684
d8c61f436e93689f369109cc4e34ec49,43.67016
faff57acc9c9c2b08448ed69350e1d64,70.51874
b97adcca7a4612a9abd5735b965dac83,55.154583
6cb93a2cfe5eb583592c8e35ad219932,122.465256
9c6d83773bc0bace9c3152bb09c45bee,67.799324
34cf70e7dc2fcbead066e3e5426235d1,82.25611
7a8b7633cccd004ae364565cb4ed25a7,130.1675
14338a2ee3bc9bdbb0dc07d1361ad44f,114.53161
23d0f47a020d12a6d541add5c4f5d2d8,121.21766
5cd17b57f000db61c5a1143b9f7d51f6,48.75688
8fec2ca3170aa97292f28adc9c03d8ef,75.931305
410ec4df85ec74856d43e8905f94b043,95.993744
c036f92a8edd9d057b57506459589473,67.69861
162644b504c22bb17c79811500523811,70.29809
cb4c7d5d9acc34803907d8616c1881ad,113.298035
e932f0a4149acfd184bce891c4b3b888,84.954185
a255e2381b9a627098c1fbd9552a6a60,60.776688
40ae8e0dbe5ca2d635836dd129076d45,55.49796
8afde18a8dc7b5df9a30d55efba51efd,54.23285
f2f7ba9de07627517655d5ae9715a18d,87.908165
5be15b7874983d0e4aac96a950d4ecf3,88.98226
17e72d3004742f2eb84083b42de688bd,52.065536
3300710a24b563be1e5c2b5686835177,72.17104
9f07e579886120be864f50fa90a52555,56.70081
293d363689c08f3c3018e87609fbd308,80.59062
19f2153db7ab4924a01b0409c3e6cbc5,113.99619
3ab205354c27f7c8dc59df0f4915bd82,85.04759
b32463dc876ba980ef96b868d345c1d2,78.30976
fd7c1e57cb70fe0e0f0564587601b59c,176.04984
741a2b06fe3e5b95c4531c216522458a,149.83905
f8bc6055afcf4f6274793c2a83b6c592,82.20562
1d516b4ebeb7e046523fea8b1afa5800,61.006172
4635b91f7ef36855b002920a4b239e0c,54.458458
1c060cf8b13cd41f2541b2d2bcb3a215,93.55458
a4d935290c1bbcb0b2527e3a4af43f95,75.45839
ef223e2a2eefa18be8290ecfadcf690f,78.16248
a2621f4e81455e1d8d788fae88034edd,70.40002
261ff12c50e69e7ceb3d618cb56af59b,135.63974
aa01ac5abb24dc5d6755c92d98a504bb,60.842293
6547f9bd34e504439861bead6ff758da,83.93149
afafe680f3e0eb812cc9b26fc28302aa,75.35016
1d5038dc81c36ec87bfc5050cdd2bf6b,77.11352
883134d111edabf4bc9f28d065ff0347,98.15078
eda14b2627f01b855ec289220d6b0064,67.35023
599662ecfb9ca82b29ad99be88de746f,79.78277
1ead564ce29d08ffbab77c74ffc6cb86,81.24933
1ec67b32c72731d5fa25aab0daac4040,149.21077
71a52306c9e71e4e417e2a3a944ddf97,90.83915
789c6504762b0299097e5c441b8ccb0f,57.226067
1fc71b49e1d0619702b2a4b901bd9950,60.362286
9e06c4d93702eeb46ce5ab927eeae703,64.23396
205a8f37fdfda7faa71a37ad599f77eb,113.398254
e291cb3d746e5d34b1a08047a9d11844,85.99043
21515e4f65fa3837e91176adb31fd756,71.559425
a7487124d0fbfc28b1d2199a138a9d4b,83.1823
c38a89489c40aeb6b14b3d843491fd97,58.778843
b1f3778ed59f72abbcfbf558ba039beb,68.222275
4956706aa182719e88accd833d2984ae,129.57245
238272ccccc1b3b732c941fd376f26b3,93.32746
8f35f4361c2140063def54d704f0744a,57.189983
dd5ba2dc94cf09f675166709d452384e,67.28819
26388fd78f36c4af28f47db139d81bab,90.22238
bab5cf030c5d261017ae41efc370b4f1,54.41411
24961ea1fb3e08cbacc2d306014bf879,75.05299
b2de763310b0dffb500db2b5ec41a504,92.35124
24fc010bc767d49e4c54e25b70504358,86.71478
252724d149134d71b77b605ec23a26ff,147.06743
4dc05e36aa8f25b292ff1baed9479e4f,66.9031
8382e6baa4e1f026d1e7d9489ae59e2d,72.080124
e3799f94f14f3bdd4364a7162983459a,72.56151
b8bdd7fcf65f295fdf4545242304546e,65.46779
262ed8e0141b72e86a544d015b107659,109.359375
cadd52de8ad4d62e721de926358957e9,109.41436
5945c19f97a7ebb3704643103e9af0df,72.66805
70d600f4481eefd5d61cf55a5d8bc078,81.47685
4284994653bfbd6d1d161cd68313d843,137.2366
2773dff03f9f609538790fd43ce0809d,61.83614
b27e7687ff0395560f65ee597caf6b31,59.167667
2fb490a1ff96c620d28ffcf188a97e36,54.669598
d59d8f884b689a8ba6357a60929f5982,72.346375
2991114ee17844c3feb7fe91204d739c,83.31052
a595227084ba4bb8935eaa4130a2a302,68.04078
299d948a5fd2cf2a921894b9bd24b94e,97.9668
299f90d14e57407585845f7f3b9475e3,108.721466
477cceb3b33fb8bd0dd760120d14ee5b,61.938744
f99450f8e538c112001337f44912fff4,98.57345
2b2a541e8cbd9490132f81219ad1bdef,49.950912
2c956cd1466efc5626601925076fa4de,67.397896
e3363f3a7989f70e21291b8dd9236b16,74.69779
2db35cb95357a956e27851baedb34bd0,135.14284
cee4786d046afaa40f1975681bf7504a,65.89079
2dea528a3cc8c1ca3512d009a08444a8,61.1549
ef674f8fd2637753b1465437f47a3cd0,65.256165
6cc31827fdf71536e1b46f57b27ea92a,55.33067
3763bd896e7124bd10d5758486d1d1e9,57.30943
a8bf043020de95659205fc2d5c639941,69.734245
8bf1a2005ef1302b69f691e93a8d268d,69.433914
9a0fd2226df72cbdef4fdf746d5cbdd1,71.66404
30c96aecad62c0a78cad16d615ca8cdb,71.01186
8fc430e6016779815ae700bba5938cb7,49.105927
84241bfa73c1b9543ebbc421e115398d,69.67522
8f3a22dd7460e526f9b66968c03ecb7d,70.823715
404a869f1cbc13639aee418acfd8f5b5,105.90918
338abcc743c8cb571725551675b3bd85,71.04423
e6beb6b1f324cd4038824d62309f6a20,57.08859
35ccc644297635efeff9bfa2a163d283,88.87527
362c4736c6190e63513ec8f350a8d915,76.4318
db42083a409b6bfbf445968090847f13,79.52904
371a8c0525ae79d06b5b3b2635690386,113.38554
63730c460f9eee04c3d40dfef0ce9f31,65.0133
47ae88b636861ca0e5ad850cc366d123,121.67699
37df7f56237055f5019e3980818a75f5,53.52948
498bef2a2715e17a67b5fd84e2607908,67.82891
3858595ab2b3ecc3d4e3305bb4a92c95,82.92285
47099653730fb1b76537fc10ad876255,134.59856
d6ae3d19e8833660244798697663c35a,58.043526
8732262a26754639eca12d9e1b1a0abb,82.2336
eb00ef4899b8aad41519f32796450011,68.43753
3f75df7effff43874e225ce8779f68a2,93.52917
ce6dc8718b0213cfcd1993977d91fcd5,71.89435
f41597a910890a2f1377326a94e9f540,62.84352
f64fb062ddd39096025017c782b2ac8b,103.92883
7482b208fc532a261a251e134d75a256,74.78884
e0b0accf07804f78449922cbd4a0707c,61.351418
789ea55331bc8307b40a4579129de8ff,88.925545
7b89177fa517b753a53f43acd265703c,67.46398
7b86d7e87dad1bc01eaebc2a58130dfd,63.789463
3ecb4573f136be90c6fe3a13e037d615,58.935703
405197686d4d33a25aa638d554246005,89.63857
9a0bc800ae968772dc2237c0e12a09a3,72.06056
eb00b903b1150f7e5e2c4c50a83b4ebf,40.53604
c8127d476bd7c29c6da8d58723d4e7ab,130.56757
c927acad33181f47fbe2086c76d0b926,84.78275
d1a79a374cf218beb2c55da94b036b2d,67.906006
42a5d1fda437454866bd18d21048283e,51.29465
5bc194649fa3aea5091def1b4caa5831,77.93673
89d059de10982aff982f39494a94b57e,68.98001
65299aedb580214505cc42ef3e57b9c1,71.862495
7023d8d6d3eb2d380162789ddc77cbdf,74.69904
d5d20a0fdaab72a4cfbd31d9c36ae226,119.47441
e9ebcf1cb3f24f8b419daf16314177b9,60.188366
483aeb4b4264aa0143b400029e75a36f,62.225037
72457135c1028a0c0320ec5d2782b461,112.22952
fdfe09d72fdd40b44c25077e40de1042,94.15793
49de7e6972e8b9cbf2bea6bd94cc5f02,109.654655
4e00c9d8255de11624c0d96dc73d09dd,56.72738
4f0c2267c02a9518149a820df1d13f8a,101.54152
e8d3c43ace87e014898265472bb9b2ac,114.77048
c4c295d9d2630b19c6af94efa2fa3ba6,61.891663
7761c79d6f1fb0e75134926b802258dc,74.02501
57268c928f114ccea2ec00217b4cf276,73.195114
eef9343156c0bc6b69ebd7ccf42652fd,97.49756
beaccc1eeb55cda6f645127b45b6de29,62.580482
c11edf336bdf760b0ce031a23b0e4bbd,67.83672
b568a9cac72b7cfaba814f94807171b3,47.912563
ef85b7725991d40aa78edff360398d37,70.85049
8e06d32bdbe477ec23f54c0c3a01acfa,63.925762
72a75929591a5307e88a83ca35c712cd,95.19301
bc7dfc28329840d0fff5f229c1f059c4,93.66203
5e6b433dfaa3324784a8a72d44623bd6,77.970505
a0ee4d68615fda0c3210ad4f04e7b7ac,102.06172
ff2429614e2bf0bb9b321a1c6024b2e4,109.56876
86b25eb7c4471c5a4ce773c03b676659,74.05638
d52cbde9e2570564432e19a7d23e73a2,72.847084
6a243efbcb9594f7f82712228d4d6913,82.80176
6b758aeb3bcdfbfd9d92d0cef41b7f05,73.76451
c5ad60221863f9c73442bbcc98bc4f5d,147.17165
714ee435b5abc7460516718ead47f75d,44.645523
727105067a6ceb55b5310706db9cba6c,58.096054
766858898915388e342eb1a6904105d8,86.63775
84cb1a37b9af9ec87bb282a12f5a2e06,115.30256
9d166fb602da06d79bc5ac29c9457762,71.078285
f43a37b7074945152be3b7e86faa1c46,68.54019
b8dcc4d1e70e0058ff28165ab83843c3,82.446686
84837c34867e345da9801688641a233a,70.14387
88883caa72d4f6addce87d76ede51a02,105.81047
af31dc5bc680e90466a68ff1a5d7e6f0,86.63636
bb466f97743c7161d0e5068caa4b606c,61.78465
91218435566bbb51511dd3d655824397,62.632816
947e177d132ecf3236e671cf4a21bf05,80.469376
97dcd02bfea781aa50de3b3dbe642f39,89.35074
ed3be5d552af70e9759a9187758ca208,58.245052
a3ae320f7ae6dc83bb72d682d22b29b1,98.622696
a5ca101f93b32a306e9b4f7057075d46,150.59717
cda45b15342cbdd5ae1340c382370668,96.21614
be1fc1547436f48256f54410c0e30fe0,121.662575
b326283fe27d258ffc1d998d6a0197ec,62.203575
cdf96a8eaf3027cfb5f33c21fcf48453,128.64354
cfdc9ef0c30d749db9da663ef925b70f,74.07911
d364f6913b02072f0c326fb3dc7aff87,73.74634
e0ca5d590a58a09961911c321f41b846,53.141186
fee6d2396b48efb4b5fd66fe0c5d37bd,106.21481
e7b00f92078d53081e5765d7ea421e90,92.69388
f49af5344f52c79cb604e812ce13045d,112.07038
002dbea77302f2d301a6bb2b01b94876,42.6883
6663754ecb5ef768ff334397cdf78ba4,50.17581
c22454e112dcfae65a1e171c7fbcffe5,98.22406
08bf8df1be73e71e63352b929d6e4257,84.906525
42fecdc5b13934fd6af5d3f96db3fa20,106.21848
1056a46f62ac15e7a7fab788366b63b6,80.22458
125e5b858da864f5f42d642ddd28dc3e,104.62066
464aad4b7f0600ac8cd5c644e15ee6ab,85.8475
9b1ce3b792cecc50dca1dced39210721,105.71175
16224a9da80f6aa8753a4adedf80814d,74.005356
1784e724006dadd676902cee7b823126,154.25336
18be01bafa42b5190732638ca2bb8b59,85.0553
ba633e469252cdfa657a744252fe2926,102.87148
2f92d27998a53386c92c7f856241274a,89.283134
1bdc3b353ec1012d281486f13b8c2b3a,105.733315
c9a9487e297fe06c634072c977cc9d20,94.63518
23a44d6cce2ab9b4be0fb8dbc5733c10,83.15841
f32681357b44e0412703149e95d6e375,105.025795
2e30db1adf540dcd46637ac7265bce92,65.45951
976f8632d443a3165640d8c1bb9f29bf,75.45582
27daa13ff6fe04848475d57e253ec784,110.57827
40f4f20c045e381aea144c5d7212a12a,74.04402
33f3e8029f89cdb5bafef019281cf4ac,98.302734
d78fca4a0e17ba1f1ec82d798713d1d9,114.966064
b3c50965d959eb9f14dad9787d3aa499,71.34144
874dc32778d34ccfbe7f5c58192dacd9,74.4832
3ded95a7edbe64c7b6982c1421f003f3,150.07281
413e0dd8bbe50a8d6be0790a93b4e76a,92.78734
68d7de492a46373131b024f5668c9018,126.09888
50e431dfc26bb8d2121e8e9710c1d6d6,70.79832
52dce774dcc2da4b98bd2e9f0acc6258,117.74797
da65df019e44cb76324dda83d3cbdb9d,67.27077
576880fcf3f3928e8655eab63f786f80,103.68163
ab03534322f8abd3140872272570870e,103.905136
5f481c3689a79a800a724d5229d3c81e,125.32557
d934f666933c17ff6d04952feb326eba,77.97641
b768399a842d0c39a0551848130f05b1,96.87281
88f257ed92e8e9c92e4bf37895515e1c,104.21682
d51d8221bd611559310529896befc8c2,53.592655
c6c2ead0d070526c03dd79d4c857c186,83.58315
9ae624c5b8fc7060e5508052fb534f06,35.62066
d9d60815081528093bd6828d7afc932f,45.741592
88f72fe56ef037485300ea1aa3cfcdbc,92.111984
01e1cb289fdbc9c538c06a15c4de0431,116.919205
56e5c86177ecd4a05adec40073dfab96,75.48434
04439602c73ccd1c610f9d7610876fca,103.942375
a4d4f632a7fc3d33768eb3349de4054b,82.97785
47fd31295ebf7e64cb602a6b137ff417,80.587585
a3390a4cf212f377b6faca821d2f605a,74.081856
56386367f8b287dfb40c640af9b86353,107.10154
a4679535cc12b895b77c8a678aeef1c6,103.57401
062cd63ecf6d437a4e31abc50d9ee19a,69.02713
17251dff3fef3afb7286845b62738a5d,72.751595
d946d2fcd6ead5ae3b93b90a5fad49ec,89.55188
2b8de0cae2d449f069eceb5f7459028a,70.13712
9b0bb6f8a4c0fb38f3dbfc90d0cc17ac,66.86093
8503d99abc74a98137214c9f3fbc18f9,63.230873
09fbcfb8cd66fb24819db0e29d63fb9a,93.32285
5539a349809418a1d9e94f1cfc4fae52,116.59925
57e38c85c1d1bb9cd0d0a69aea3b1481,68.8564
d8687aef151502bb9553a5f60d0d8e02,60.394455
0fc83150dd6b34adb6d52f1441ea7e48,71.310875
a0b1f7098b5d73a684d4b8b0302c3427,81.574585
8406ab8fe70734c75553c0083ee10402,91.48459
7ed7fc0b8e777a0c491b0095c43b7b71,76.54524
129aa8c70d1e55d3f52277ba855f204e,86.20704
7faf7cccd35e40732d0f7970d843f6fd,62.806652
bd02ca01b4161b528db4e1ceb4ff4e21,69.614204
13894c75d506ea36296faa88574ba15b,84.18462
6a940e3e90f9f63fec37eea07b6c0daf,74.50866
7d7f364d0304bd302a375a6986ab2cc2,65.448326
db4c2c16d09dda9338883b2cb2e76433,88.9901
e04c785a5d550c2569cb67adfd65aef2,64.17829
dfb45424df76882159ae8e79c145262c,108.20561
bfc0fef0e5890c4ba553ba33c0ea9eff,88.119804
f9cfbee8a063a413a52047b34eff1e09,116.963936
813d2ee836f7fed55992dbef6f3cb7a6,63.293163
a4892430f0b23c36962dab5d3cd24249,67.12756
78ce7b5ddfddfa87cb8e10c5d3a816bf,103.20168
f770a79d515dd6cf8962722467c48f5f,87.73449
38c9f07d0e66086f34a447939ee09be2,91.82507
1c45ed543837fd788c1918e6056d3d91,71.66221
1f4ed0c950cd85a6837d7cf2fe5154c2,68.556625
8ddfa31d45ab560fa8923727de55fb60,110.432335
ae16e5ceb44033861c07fbf30d27657d,84.76127
2072753cd7c03843f04ea4e5ae58e860,71.392075
32a7811457f1ba4390ea83099d5acc93,58.820004
221e534cc5ab1899829f909d6eeec383,113.37291
a7e015803fa901fab708ac2d2058a252,87.28482
f2c2de3879a1e0ecfd54447a1618ac8e,113.524254
c14a11d358a038eff77848bb9da16e4d,60.137356
9415ffd3e7a76312651b1ceb95d03da6,73.055885
90eabdcc15b3234812f7d4d487241ad1,58.088425
288dd3cb1cec0f1f5b4c3d336df1f3d4,94.6388
500465d9ebfbd8a81417cb16c1b7bc2c,107.69336
298934540d0cdf2ea45e107f599c78f5,54.45705
4f88079d807ce788baa49083c551c148,56.527187
3f333f8a52030759dcfed5aee15855da,134.5201
ec58b4c2d2f55a9dfc66a6a627eb2d9b,67.54108
f256f2cbe373d5b9764ed170351facdd,47.812447
4d7f28e2390f289f588ba04bf8439f9a,50.217377
c23f1a220a613bfe1071f51b259dc265,66.597946
4af8379a77de91805cf6af7118560fbb,63.03835
d992c9a102a9dfd3146b6b5cc3d63afd,83.4711
52a7c2f6a5802f7d86a4e24810e3482e,61.90264
6c367cbaac40c972f8efb4710e1e5e61,68.32842
fe9038445fba3d2baab79a1529ba8cf4,75.148636
30b4ce6daee913521fc6a34e19d8ab20,62.640465
c47d142a67bc8cea16d5ea8f6400ec61,85.94742
e46720d1d6df240ca150d9d65757dd52,103.163666
3463974af2e4eae661884bf57ce00a27,90.06578
b98fb2078219d94eeea8b0955e4b881e,61.50246
4835828fb82263c6fe23a16bab8f08b9,72.565155
f0905632d6a974509a83c586749a6555,69.42816
65fecf8e8a0055a52ef79151cc2b374a,98.63178
39629afee1762c961d7818ed6a3a9a59,52.864742
d64a3e761be6f7f0f9cd98e59ff666bc,94.722595
d23c99b481c36d47df16b10478c888cc,60.57585
f717a0613eadeaff6b8987370cbecef7,57.097904
b8fb4aac25230041b3da09b1c8f35956,48.516895
c560af9dcaf5bdaf9091cef5b9affb4f,50.374996
83b182c918e77d2ffef47d4566474725,69.069374
454b256e132e3d4177049f6da5b7ee0f,56.414143
45de09b4b0687fb586477dc7318b8576,69.004074
51bd93bf6719fdd90765a741bb640ef2,80.84786
7f52fdf9c9d5d7f142797f680a0e9e67,67.183235
4971c2f22cd7d752b24f90f84548c242,64.576355
d49310ff40f22027d6b2adaf4119ed71,74.361565
884779c2d50c4e0cbed3e85fc36010ad,64.34466
b321d542d1950fa70cfd53864567f915,86.37809
4bb434387ffb6007189cc9f0ce0ec025,74.556984
8746f53667105725fe05da0d0913ec9b,83.54996
9f93e12860e772ef7db2d5020b86af21,93.513245
c03bfca3e0b805d7b32d0cab4c180c2a,69.38467
58ca772f7b1107d0f4716c99552f175e,91.53042
f995f898c14cf8d9947f42acff465f31,68.923096
6ad8381ff0efbe70b3794b68842ee332,63.966503
5dcd9859206468c9aff4e48d24cf18e3,62.35873
71b4502891a16dbf61aa22a07273ad27,74.97178
640b03fac6685bca61cf31374dd55dc2,54.52307
6aa06008b26ea28a02b0c1f38a203605,54.592716
6ab49e920d113fc7144bc56578daf48c,55.306957
8cbd057ae1c0296d5a4b913a0effda92,55.93875
ae79bd82a3052cf05a781ed3915e31cb,80.69212
c12779fd92a33f0a6bf407b5cecf5f59,50.269184
6ee30c8bf8b99ec1fa56a9f5e8f96555,63.10779
ad2a666871b248b2793dbc199fa65493,79.31572
6f3ea51237969d4b7810fe756700cdcd,85.2603
76f4cdec89bd556bcbfa8dcb6608cfa9,96.23708
ff5ac72b76d64456c8430eaf967e9ba0,64.79317
a618d2e7bd909ba7f167a55965f65b4f,60.186333
7d5622860392d59883d905a81441056e,123.23712
9bd60393bcf0aab9d75dc6d1af10e140,53.85489
fcefec55026742e460c6c8ab96cc48a4,66.53858
e6e2162ec380b498b359bc1a6d3fe7de,90.873245
895a32312efb7ca453ec2851a90b6ac7,61.03358
e3ec68c2ece2b44403ecfdf8a3675b36,129.9592
e3c208aa9b74b93051855d183971b1f9,68.06565
e02be6349c215e335c0f92bc05431c53,106.336334
a36704e21afe30b05e07d4934d91203e,61.580738
ae17205f0782b933ef83dbdb8820acd7,69.41681
b24270fdf317fa2517921ac24da32403,72.5339
d38dec5d2732fc63b010336ee52d9737,95.77429
fdbb8189a8176d0e36a77b4c7ad38899,62.55581
fa77da3cb82b5245e95eaa15e2b640f2,44.41578
00888238b55dd6feec6c7acb50e3570b,98.64379
4f06bdf731bd9a0a246731ef9cd7c3a6,55.11638
33669f9aa8e9e4ded2e5ebe65568d436,67.908966
7e301190d7429455254d16569231eb8a,97.58704
3309253da9f13c9a0618352125873c90,65.79239
3da16b8e55ee8c21ff9b9c04953d9dfa,71.05845
1a2377c3768dea0c3db31bed9bee8224,98.302795
a0ca5a373a7b3ea77d7f8255b6ed8fac,85.935905
4f25a7898fc92bec852d7f71833da8ec,76.674416
1c265033e2f09e21ee6f3cdca71a8714,56.781303
213d704f4882e02d5e342e595772a235,138.9436
4970f65ae66324d3a8ddcaa809b7fe57,61.570293
266481fea894ea4d2216c1bc6e736520,63.779682
b9dc818db1277ab09adc1775afe43a4e,79.007256
9bf29b56619fcaf60b52690a848e10bb,60.23045
a0145a1504b9aff0ec74144d41eed2ca,70.43975
6998db42eb7b08e2dd6919b1be4c2b99,45.762585
aeffeabd92b032164ce0c8b36cedbaf4,58.758015
bebbdb98a81fb9ef76af02d7017ac6a6,77.786835
979581752e8c6a55adb71a112e0d59f3,47.567223
af24bc3ac3c3dd948a82bef0348f759f,52.702595
df1a7665ce19a3963d4afa0d81e449a4,60.64169
cb9cce8801f99e688822701e17ec9a0b,66.701096
58df87ac6a0935e933909fe4d4f80d79,76.6018
b0b4a6dfa1b7544ea75c1eb175d1e4d8,54.477924
1cb6cb9da551c547cc23e5386765b671,83.18357
2493e9d621176095f44d4650c0d177f8,50.83207
328ebfb2fea3a55e52cf3a379c2892df,67.80108
5b8a38a8795d13d2313b234c7407de84,53.567787
a1539df98107c7df914ae2d77cd616c3,73.41609
84955db0971fc30663225a57b10603ef,40.054543
4055237c51d290d8ae6d402d55d0c3e1,99.70503
011e4d649c1ef9adc6f8c27cf0f7cf97,93.41239
c3abc1d07941d5eb7135afa1ae9f79b6,63.399853
7ad24253dd2e679d3d1f829c80712726,92.549255
269c5987736052004c51bbaf4bdf045c,87.955605
b1bc05b5ac963200a4b08498f7320e24,65.83353
ae1392df8286ec37085b464f88a502bc,86.67279
81788914ae1f361df0647873a2e1873c,92.63057
110b513b5eaa66517241c3495abcbf91,101.775734
398ffb4191de821d33d7a7a25ecab349,90.0463
5c5100377fbff7fd0ae2cfc365f7a9c4,87.7305
3d67f4b6f4f4f60a8aeda81af98a4355,62.632633
1907128de4e91ec124baef6ba1cccd77,85.351776
19a00ceace5900c0183f950a141647ff,97.815544
7eeadad472d63628b92bd3938415a63b,62.741257
ab22c2f887dce5508a27404c4dd35efe,64.22869
8e770a638e8e692926876692059bd111,79.01719
e2097fecf9158604e43c0b8404e00f4d,54.43001
3d8b6549717e8783c3a742ca8ed948be,65.75498
a2cd35567e84bacb9466c5967dcd0a0b,69.23605
4087915b831b29188e02d8a53c6d31b7,76.910355
c362b6b1ed3fa5b2561963713e2cdcc7,91.71755
ce642a38c0bd807f126afe18e1e4ec2c,69.595474
5c194bc0ccd17c253c5a8161fb416986,83.711235
b8633cb2a8e4f59eaed768939b50f5b7,59.28082
9c75af4a188ef7fa7a7b1694e9308280,76.2468
b588286fb4d419493e1c043c023960cd,82.652725
b4147839b390f74307c12425a24564b9,71.73125
c33f39d658d7c078cb9d93edf6a8fc25,74.07984
6cd4afe858bec8ff14f6e5ac55617fae,39.462902
fa8afa32cfa05857376b40fa47b16e8b,65.7215
e15d25699c74b2e86e50da6cfc9a31f3,51.846237
07552c3d728c6cb53291ecf0b7f02e11,43.66345
087a8917f10c25a42e89399302c1bc4b,54.670723
2991107c91982e0ef04479de0930d55b,52.095524
1dfa2059e0145e254f008c39dd667661,55.030376
d31a14795e239afd568c4a058bd817c2,63.18555
f01b5416a46391319453bacce0addb03,58.550316
f11047eb32256ee3c1de68d6e2fc75c7,88.923035
05a54ce1532af9bc9b0dd01a11a86774,79.59265
ac0cb6e9a3989f191fe25c81ac8b7143,62.45907
d3781bcc6f42d9c4422c3a803a0ff854,60.605118
c02de9afdfa25a7f0e18cf802db27b55,54.226273
1889a3e5929525eddf3397b24555a1fc,63.44409
1ee25a049835a6154077371bfbcf56aa,71.38454
c0f4fb6ba11659ab8a6476cf61c7be32,69.71211
f6064d2efc2871525b07fa5078c40ecf,72.67992
e300a8bf60b83751673b75cb97aff801,115.02634
075d2d4c4473d36a3f333d2d7be09cf9,82.54739
09532b000c7867e38f02169eb9c6584b,78.9692
800238cb00fc8982e5801a4b1fb068f7,108.980095
734fde19fbe18880d9a7ec2d1e10b1a5,67.96
016501624efc7995026fd3d5f78dc38b,107.29718
34dba717d8b39ca994b584a52b4e5280,87.48631
224764d4789f8f0951dc14d0aeb98f45,82.124466
b6b1c81be29b6be9117c36a6ad1ec01d,139.8893
0406bee3014bb7d881110579630db14f,62.386574
056b889f979e80a8073dee57e8ad84c0,85.81143
0985de9f2faf5242c7723be9b16010b2,130.70024
792659b87c10e288330ff48d92d392fc,97.18234
378bf8d3277e7a019624d7df4ac0e1d7,95.703064
e12e6a697634fd5b6b18514ed5125d5e,79.37355
55fab7902e1435deab83df96949b0a87,115.02365
09a875bb2084da043542d05723a427ca,80.94265
2af48e61ab6ce894ad93d8bad74c380e,73.50111
ff56ea11c8a56227a2d7ee8102bd373e,92.82152
d2a23bb3767fff78b38a6076f4e7fee1,75.83918
441c55497290914f2ae76d98824b2dde,122.139626
1852b21f3aa272ecd29a68191fdae215,96.263885
25f01322b246f6e764dca863dd2408bc,75.27402
8d685214ffc3935fc633328d6099e274,131.09113
95f7225269887ac26f96e5019e3a208d,77.95638
1e63c87ff019f3bca1101bd0f73cd283,104.50822
83c4233df89e4a0cdc1efd6819a8163c,70.652054
d84ced4e455cfd965842ee11377a0013,92.3375
0f6be4641807317cd2b5772bcfcac014,95.219734
1287b43050464fd47644e92b65cc8698,98.103226
10347a945e3e27d626a44e14227af617,118.48695
4e96f3124e3a4eb9e75f59a7b12af156,80.9655
cb3a0557cf8f9d84f825cb5c61ae1941,67.98743
c913de61d84eaf0bdc2c6cbace642cb0,85.25181
3aa1f645a38ed326c45e13af4149248b,52.61114
7ef6a33ada9e4b025cf77514a70f6a6a,90.53401
1569f0ced8af0a3ca3ffdbdb76194dfe,99.34121
17b7f1a226f7c2ec489c515f22188437,92.96213
e08febdc0cf48586a62dece8e7b7c498,77.91432
5e85db47f54363bb4b1e31ace959090c,92.36333
5b7a9cffef4789bae7db6c64c20a6e21,83.20089
32862a4c2bbc31d3665122ad951e8562,101.71471
1b210589393b45b88f6c2b4f6bde47f9,99.46974
625aa7046be12b908f31be454ad6713b,82.03832
c244640e610a80b2c7fc9e4729089212,89.486404
a752a58435f7a3a46c81138470746c05,76.944756
1c8efd164200bd03c034fe8870887b2c,77.074005
851d433b2655f54aed48420a41c13879,78.43217
dc2291b1e34a4b00bfff7e6dcc3dc41a,81.022156
834afa0ad62955532a0e43b85b0c54bb,102.78236
2a85880819567015d0e3990f0b814ab6,77.58014
f5af6aa4ed6b40e6b3e91dde35211e81,87.142395
275dbf4b7c6d7cd38342707296c84201,123.597824
4daeb7ee39379225826216f0b0a765c7,82.888504
390b02b87a900e7a991565e148512225,109.29378
82c267207868cf277359f6ad5644ae36,78.81907
2b287cdf2a380739dd2c580e6940eecd,92.699165
2cfbd9fbf527a0c099c0d9f8b26ff1fb,94.136444
4f1afc49b741558afe59f815dd6c474d,55.008347
2d4c02fcd26357a7b6e31cea015b22a1,66.655106
83b02ed708febc2ca2802a7e553a8866,97.222305
67ae0e8f01028c43edf27854be05b402,70.43814
d2376f92dacbb734c2dde9dfbb3116fc,94.61401
6cbcacafa2db320b639618b7a09e1899,95.206825
e7ac3931fa334b07d6b6b7611aa51d40,59.97781
5b48d3377c649f984a14854ad2bb47bd,99.90431
334a087f5a02cacd69f98b955b1f0809,87.747444
334dd6d37fad062fa3fa577cda3eb127,77.83968
33c716e61b5e251fc95ff9b0eff606db,95.11199
49ed1b196c43a24b5232e04bc9057f7b,101.96373
4468bf7799979cfc866a0478febba6e1,90.88271
39c884ef4d83c86738c4cb611af2ce54,86.65628
9734b09766bd0bcf1edb22a9a0ccc594,95.22479
909e99e3c97d2b6f47e9225a22f3f9ff,88.938095
4aa4280dc865482675d78b2474e831e3,63.785618
bf09d8abe80deab6835c80aec5b7e0f5,73.41178
76028e1d901696f867bca3657d430b98,93.268654
eb20501f053450e880958bf4fe8b3923,69.05091
40941e8f7cdacb6170866d554ac85fbf,80.556595
7393fc5ca6ff454dae0e44729930c244,145.22443
cf1c52e322d9261fb8646fe0f3363c96,102.19548
fb16076ce66cd2394dd45b770b531316,109.17114
42a5104a5e2cfcdcca457a52ad026bdc,95.88972
d3e14392abaeba122eac0a63ece1da55,98.11949
8d8898222816db851bd251a4cce5b9e8,74.248474
49ff624f9e9e235c2bb30b3b12b78f3d,92.6827
dfb84ce667e131df4d04ef1164e6551c,85.13355
4e1c6a7e9f9c77bcf57c570b715777b7,74.30854
4f1a0729d5ee1c807f92e6e1fad56e84,72.242584
4f2c92ff71cbed03ae64ce302da0cdef,79.67632
4f7e27ddf378ec8556ed0e44cca8be07,109.84503
4fa7701c1a495480895e57029f7969ff,77.76429
a6393dce402d92faab271a353f707395,67.440285
ad3ee520284ad960aaedbe7ed2bd7c28,87.646866
565543baa4feb2c6bb5dfcaf8db65479,105.01273
db485dc73ee6c353d9fcc8110f0c7b8b,90.96459
ba55eeb4a488cf3b0fb0e91dc32b8c63,80.281906
f62039e074fad3f1730ac289457d57b0,116.6749
5daf199d180a13ffb5cab50111c8041b,94.80019
c8f1d4d41e4430cfa62fcb5c8171f58d,111.30901
ce1df5f266949ff6960a4e629f5e0929,92.70265
94b8741f7e7becf4bd7a467fce2f5e74,133.41766
b5ce1b73f12bde917dfb7e641b51102a,90.17861
8af5ceb846b549924c66456dd75c44a2,114.9988
ca09677a2c77fc0002673a8608894beb,91.23005
7152b9b6d5c19f56cb993a2746d9bcb8,73.22968
72161b6c6492cad870902d63fee5505c,106.06826
7cd7ffc9d571491fd404a5961c1c5677,132.28131
e8b406ef401477b379a682bdd026a640,60.96977
7d97a4c86d210fd03b80c7f2609c255a,72.48591
b336a35e5b1b78a8b65269a6efb32a73,86.608444
d1c069d3e1eba2406cb77378055dd59d,90.49083
7e572125c64af74b73adc2fdfd819432,127.948395
7fef11995dfee2e8b75c9df8b33cb22c,109.76536
82df0b5033d3641e47f880f376537de9,93.97442
86cc5e2df741ed674fe0eb89ad795398,59.15313
af3030a30db62c69d4dee1e7376e6201,103.14351
906f3ab5615f1758face4454f70031b9,81.66421
958791f3ae29e63069bf1e2ff3cae812,81.25391
9ae8f5a08218a32043ce00dea292e916,98.498024
9e2fbd65c7584ced9c75347b8b0ec5dd,101.8295
d1d89cfbd4d7f02ffc57cae39ba7c7af,69.61428
b07e7010a948c3e7ba3e5a9ef75cb67c,92.95408
b07e670cdc4d4946c96071ca340f5d5d,75.33705
c64a081585078ab7e3a14c69cec58549,136.69278
c8778f3094ed942f2ad9927bd038c473,87.71927
c8cb818dc7aa3c2947488811bb2758d5,98.86459
e221e71a872d873ee59e432ea08dd3ee,74.77907
ebd93a483bf9255b29ff41cb65925d21,88.38208
ec2b8a34d66da70c4a3cd5e7c3f478de,74.73435
ef38ce635ae616836738a2cacdbf50de,100.90905
f040ffc6ee971a4464c19bc601a47958,128.33122
386edb369ba6723705375f85ec68b0a1,114.14081
07c13c6c7ab60a2bf027cc23aa87e047,66.787445
07624f0e6a2103858a2029ad12239ab5,74.39949
1efd96279d8b7d3dad34a88611aaf232,113.44869
86668b68cc80b9ffdda543c2100a2151,88.136406
efb46762d4893143ce62097b2fec7b2b,65.51482
b68ebb93d44f7eb0d53a7cd98186d1ce,85.37945
0b8fb527a00568db2036adaad2d8dbf1,57.039387
0bece5648c9d3c38295ac66833f6c414,58.990025
411ae76f30cd1335b8dc9accb811afa5,74.656136
1048da1c7ef1df5f3be3d3e63f11a7b1,76.687004
7c6583b14685bd56265d6274545405a9,172.50053
d4c394bcda775c32f0411a30222f8d6e,109.10711
593d2df6d5f5507a86d2c4452330f9bc,116.7426
6aa5711bc37f5aa412411ce64d3dd21c,60.13847
f9a56640b663fcb490da7fda68eb46e8,93.12878
84972f4c089cce240fe6140d0b199dbc,90.97533
338996aa5ed976b0d1d7e8c2038c5e35,96.03547
2166c53ae8e42d58ad868e6177b275ca,75.008896
5d50f90a630af3f3b59036a2bb359915,115.77565
965a787a49c195a32baf62dbf3a7e16c,80.66623
2e2a7aa53fa75dcc157c92032cee1681,112.91627
314a627d0126ee91d263fcd0096dbaa7,67.84269
3afa8c8e7e8b672cd5a257c9ab56a694,88.72145
46746aa4000396a3dde560bb99b284cd,107.29936
471f47245001ed6dcaa21562791a85c9,130.28342
4b31f75b50d8a8ac342c36f5f7acf3e1,92.77837
5e15a0c10cc1d7371c9132ac7c4f4fcf,85.09205
5964b5374a67fe2cc7ea8d2d77db10d7,91.96454
8e2aebe335abdd0d35a388b7c59249d2,142.33151
6c5b325e79e3de628be6bcdbbe363b72,73.85677
a145e13a19ce99e8a7de1ef86826ec7e,93.94356
de52398c662804c69ff3b03966c29277,60.207836
a08b2a42e35c1fc358d8c0db420e5bf3,69.419624
e0a74de2fe71be1131f70c9d4babd0c1,129.0998
038f9cd87fb71559437d2bb28e054aa8,80.735794
12769ff28a51f6877406b64cd6ab299d,65.45795
e5bdddc1346ce55db3759b9c4edea24e,119.15131
643c100bb2d0698987f439bdcacc8f40,75.62717
07314839d9abc923a3e22b1f5cc36a8c,83.38658
9fcd229546524c48c5c3f4d52c1eb2ba,138.6199
08e7fd4ac8c1dcf5aa53fc4af3df0f81,70.269035
9ce9ab702f18ea8359f59142abe10486,69.58911
9993a08a0644a3c37797b437fe116957,77.025795
4f5f5b6dce1d600485c4b7826af4f930,132.27202
e37b7088562bde95c59c5fc9bf751548,63.95207
0f7ff92be7497251973379d25d17faf9,52.60991
100687714ba3e6443257f1beea34ae97,77.33357
97295eeb98b916670c8da588cae7391c,76.24638
7046122c25f4f34a75157b8d63b2e27b,83.0537
6a47aa00fa2ad649812e4a4ae8599c1b,79.340034
f4ab8915fc89e0ea4edeca2932c08a9f,74.25505
176e23cbd72ee850240e36dbda1b2cca,101.34176
467d48c2c6e42a5a47a494de2e121c6b,111.21984
62c649b7ef98c6671a1486d331200094,120.92241
4f5d7e16404296d3d8cccff5f908fbd5,86.512764
1c507984cb17ae0c53d869b877c206c7,100.68191
fb5cd3c3ebc30266deb2a395612b966e,109.88403
ae6896e5ddb3b01831210ccc8be5be30,87.06251
237051b3dffb8f7e00080162a5d1b311,82.0877
7a3cd83d0baf63930836cfecc79b5fa2,76.354996
b796d357db4d48aba8d2ea205d708eaa,100.50206
a6f49313b70c55741fd873d58bebb6eb,78.12802
e34ca7ba7c60d4e07c3caa60448fff88,81.21654
27849f0827d8281db327042a3b16bbb3,95.590866
31d61a57c6ceb898474f9e8a9784c579,93.80886
5d95c25b473e485ebdfed9dd75f246fb,70.60026
6ffd5a30d9492f42a94d7a61cf94e6f4,73.46683
89d9ef7b4f10f0f8b8f4097bed64db2a,103.05034
bbdebc343fc5cb81030198fb4269de7f,94.687485
8def60610de90bcfa38dacfdd1f20a91,90.99155
34a8fe90a63a74d3a8b231ba8bbe015d,79.582436
4de803d10ec7661f4b1cfa8f830ea4cb,70.193886
409275a4f6b35e20bfbab66f3037ca2e,97.141716
40e96b8ae1a91171536eb39df45370ae,121.56428
c024209d06b4ac76805427d228446c19,73.11155
7b82ae34b799b630e4d4883ca93d3223,79.442474
511afa76ebf9d6296289c33c33efcb13,60.762737
7a707ebca0bf03f636aa3b39ccf882a0,147.2342
bb82852e49fae0dfb251de056a4153f5,67.88092
c7a9623437ffa8c56fa6b70eaa02ec77,82.17117
d3de93a2137bd3f0f8ec2e2a21035175,91.235596
af00186ac80c112d3277184c943028c6,127.7704
b83227f3d982c9c06e71ab0ef2f900d4,60.654827
73d6dab6189c8c542b3b8bf6a1f21c2b,69.41521
80937ad4e505f717e798d0e1b92e2a64,80.739525
e8aebcfd9e2ab6ba2d96c29cd19a9e25,111.02974
eec44823a300b5c3bb0ef89b1c9d1346,70.658615
be9113a87f92165a3e75fc5d03361810,82.54342
d1c921297dd10584d2300603eb8da299,78.88416
f10f9106764fb8c77661712e6a0b5b2e,121.98614
f26e8088685904e0bcf387320b6b4b5d,108.00266
f300654a8b26109cd0cda61fbe6b6ee2,70.58026
7cf4bf74d38a187ca173caf13289d762,47.74609
41b5f64fe30bfaf313dc927bd8129060,41.357723
30a6e59610cd7ef8bd09a0d1984a5141,55.32729
5137ffae7dafca85ebb8866738c9d7b7,53.49711
667708f477fad2705f50071023bac4ce,54.392403
231ba1662a88f285d902f52720367bf9,45.036976
4d714ec9751cce571ad39071c9a80bd4,49.199085
dcf01ccd49fd3d7f2839f8a405b5b1f0,56.959747
cd96aaa4bfc293eba7d80d2031073334,48.51733
2e0d7b896b8ae8acf9b6f49f9e20631b,51.42413
5c66619d457d68cae6d6e0cd88f0d6c2,65.46915
a8a0ce30b816cee015507398db655758,48.676247
bb4bdbc6fbfeddd0af7680a581d83a4b,54.4797
8f07edee229b02900adafb74d9053eac,59.37008
d8fb414e6b5906fa5d0079c3c2ff8fe1,53.466305
a9f641d0b779c7be5342cafdbda529d2,49.05999
a1ea9b2549a8f8b67ababa139fbf9a5b,49.97135
da6f3075e01e52e6e1ed013a6366fc98,70.1441
fb21ea4c3d70535bbd0f2f772407525f,60.13308
91c1f029b3ae7536fb6ffcb02283ff28,62.086956
b753422eabee57424b68777a1cc58b78,45.762276
6653379822e4d259887643863cafe0c9,72.562485
0a014f3ffa456b55eecbbcd23dd0e059,103.46796
49bb5ad6cc98814509fe402e10934293,66.814705
594838db4f570a63da18881b289f5e94,77.04636
fb44542b54ac5cd0cd22d85531a52824,58.880135
c398f2ba8a99f4eedb6b947511676151,103.52188
3cc6163fde7e4c68323fa2300b8a6ba3,98.509575
9860cf8360afdf6d28929537e75b070e,81.48357
ba5f1264ef0c31abd1ac0798e89fe92f,51.555546
7ea954a2090b43d04c23ce1fc880366d,124.35233
c3be4ad802d368b11e406cbe3ea4ac1b,75.739975
39dfcd48c65657a89cc5075b63d47509,71.37546
4131941e84aabfd2fb45afea86dcaa7b,92.39289
4a7b7b2627a07a81d8f86ebb2c646746,68.81553
e8fae9108c7b61c3c30c56ad035757ee,62.364395
933a74f648efe9eff4b30c5077841035,70.17286
c07791c008502244270d56eece680a70,66.427155
f077f68e0c9e58c9524310135f1b8c78,78.67614
d813e33fefd613220a40f83d6f0fbfbe,83.982925
df8fdff118954f4dae5bad82bca62717,70.8591
ed25d228b65dc7d3f1b6d1cd12647d10,63.314945
04bfa6cc22fd72be03f3e7b71ae235e0,76.56904
150f4d1c159775aeff4fe5362c56abf5,89.17098
acd0daf48ceb528162573b1b17745831,88.80707
3bc8dd6d1a38159178a2e0c7ea7eaf08,72.68228
5f5e8623070d4925a9adefb5e5e743ff,103.554054
2685a341036ad50918a907a0bd687796,89.91306
304954a7c4bf950663d7c8f884b19ec5,115.41157
3b30daba63c804d106c36871d5131a7f,76.67147
a6e5bebafcf6940e9d57d041d78686f7,71.48487
4873c0e61bbec2cad6979ce9634141cd,71.96642
e738047d34bb836fa00a938367de0457,162.31221
50397886a598831d49fb7eab5dd71557,150.09317
56c3e0ee6cd4c754b26abbd6cb34320a,109.32948
c1882679711df06296eccc7584cd8b8f,82.52412
d431147a3a3ab99f9426bf4fe17799c6,73.159035
8c9c8133866687d6ea7248bc999fccfc,94.557686
e30fc9d68acda4adb48cca6c9e9a8fc8,89.50361
ec558fc6cd7db2ed622409de53e7c448,127.65753
f8792ad7e3ac2b1fed416311365541dd,93.321884
a06e8654639e72e169fd86e76203b2cd,77.78825
d742442df6ccf10b3f9dc425c12d8c1c,108.97104
e8dba6b5f0e0a224219ae3b72941413a,65.84238
e917848dea98ee3ab6d13bb242267d6f,65.84936
d8b063eb6edbe4c8340988f7a4ef77e4,57.444607
c272f079241265bec3723fb16d86d230,66.11022
ec9f499f0bacd93ba7f7299c431465fd,98.135826
ec47f7cebf55a3db29525e3a64a87834,78.69689
12bd15339b4ccfa3e72e5484a71cac06,91.32127
a125c93c5e2b7324da5dcf5a65bb3956,53.36357
0c00b3d812b04cba7b9eb9b1d6c931eb,92.927536
9335013c994eb312883d9a62f2d5fdc7,71.506485
3328286960f846a0c04d37b39043faa4,65.37901
419729d97a76f2befeb97733a63571ab,53.128326
4ce18cd7222ba8bd914bf0d0d67ee6ab,98.33267
c98d756353f5847c59e151f2b3fb26d4,40.42663
967356f64354b779ee5eb47e3ac4d6d9,57.37556
dfb6894dba2c51d828f92ac40c82ea13,37.01615
4d6c437e79f1bb599a90c9494e4aa124,74.31477
1bac6311bf7b5dfeec658df9a87f8f67,49.565994
a499a81a0e1eb485bd6c663462e4596b,40.907806
62e898ef8f974fb105a4fb64dde30f21,43.90199
78bfe0c0304e8d4b197c73b18b7fe822,67.12373
229d47205afee08ea5ecde7304d60afc,78.23424
b7fcad791ec93cbd9eb1296ed0a5103f,41.376614
6ba7130168ec1401107822b480d59d6f,63.00981
05a073b385250664cc1be7bf3481f2a6,66.95929
6a6ed3b466d201c08f561df2573a2001,80.709465
1f90b66f885f47f7f64ab631180cbdb0,70.56907
b5c57b4c9705e1d267af5629df503c02,93.12855
0957a502f5480ad8fbd6be2de4106c6e,94.83709
9643f71b3067a01dc7f3845719535482,58.124634
f6e60c2faa8ebbb5ff5e51738e3c9dfc,46.958637
0ef4cc7e2ad006ffef0d147a53cb1ac7,81.19607
171add4182658ef21b179072748d27d5,118.28071
9a97eb77b8e7dadf4d0e217a97c2c3ff,112.89017
1cffc915f830df88a84f2427f38fcbc7,60.811794
519c3d0afe1bc6724c6f7c40f150c0f8,99.24533
855e5404535b6809cc157654fc742ee2,69.17493
b77b5b5f61197f9648740ba1847bc09e,120.5452
fb80ab7fdf70d69c7afcc7a3c6816a40,74.068146
3a226ea48debc0a7ae9950d5540f2f34,65.35966
57f8d47123cd74908630c42e6a1abfb9,61.316574
a8f07136d11ff8d9e8452cb64397656d,68.01295
6d75148b9099bfa3f2b5278110e5c6a0,57.91941
bc9909874db80c80591f88743a76587d,100.54789
31ef8d2cfdb31a2a81156445c0bb8faf,59.159016
760edebbbeee042edd9a8456c23c5497,72.92296
4e9ec3caff1223257b75f78b9483364e,68.727234
ab1433010e450de12baae458a11cf764,152.87636
34673d15a72b3ab9540c0598deac0716,75.41418
4bd662dc3a9b385cec121104e53378b3,67.25921
976ce3caa4f9d6edb287cf190e4b3d8a,78.53267
d537e138f8493e413c6627b9d28c3e67,88.31252
b1cd1991d176bf608ff6f2c0066090f6,70.52471
6c21fe33f18a0680572de188e88bde25,75.29493
d8294313ca97208f1b2534789e9ad5b2,64.570496
dad4d7174471634a86da4704c6d09a8f,51.367508
f89001880234ed359bb3b28f1279b3f4,77.32315
e96c706184148c05167a93f9b12a35e7,76.44508
7ae4db0c0980dd2cadd067e338b62fa2,51.41636
183473f02a3f3b5f6026bc972578383d,69.88664
244c608f2a3c4393d3c96f9e4ecbd962,66.06191
ed077f866a4bebe9b156b18fa0b4b1e1,64.180756
09e7e2f2eaab5eeedb21518eb0e92cfa,68.93986
598abe5f7d20c908889eefba236ae64d,109.903244
5c37578f428fa989b75bdcd20054ce62,63.151657
9abc6822470cb6b4385892a9453b7b80,104.121826
10e8acfe84da72bca1f2901bcb77e0a0,94.71109
82558788c76db31c03c185643dc9d2a3,53.976185
0e9c17e35c22c27e51dd0ebc8dfce6f8,72.4267
f6714e87609469bb721451d85a43579d,57.671265
53025bd1054933ee7fd28c1d25aa12ff,62.496483
518fb2b512f6efbeb67efb334bfa7192,58.620564
175b3dc5de7dfae7b4d8191c5daeba79,87.57688
71bba03bba774d16f1f2106e8523aabe,50.73678
9208bcce5ee71b18ac973b4eef2bd94d,59.521225
291643363e181ae2de8c28754ea83201,64.55611
3b4db892eea04e0d1fe0e058cd9e4f35,54.182
41b49df3212202684e621f6a7dc047b4,100.02221
2a8f8f79f02f3bc7f05842165acc4920,90.41521
2e84f55cbf79508b6910753179c5d7a5,87.98621
faf5dd2438674b7846a9720f90073b1e,66.60231
cc92fe9a40019307965d73e847573c4f,44.78522
a9c89ea6e17dae73a13787d546b0e2e6,53.33647
8a4e96ca9b8e828417a48fec26b3d34a,73.363396
47b2c40494f097dc59370c7702bf5f37,44.11386
d347e8dd89f28632d49ae2f527bbdbd2,80.521065
bf68caec2f4ffb5cc1371456d063f41a,46.262505
319f51f284482ca0c3d10251aded9b40,66.14894
a5f3b2d00d5901562626d15e7476230f,60.274837
9fa5da5335aca5d5682cfaa986db6eeb,78.6864
9744e2f068939d962739cf207a4c9118,78.22549
fe4423a54cef31e2505206046c396d60,45.029915
b77a57476d37e56886597b988acbd98e,44.04398
07048cac9367c828732a5cc5c90627c7,52.798542
abe8121e989a9e1c7a310bf5509f683f,84.09246
b0c3464701fcba3858c0a5455fdbdfd8,63.5576
e1f7c390e512b4dbd348d1d760940438,73.198425
04564615f678568594ec78476065a758,49.14304
751dbd8017615c4b5c440971fc6eac2b,108.82684
0719dc4292dd658c986091849fb37db0,101.11196
7b38ee2bdc2a75dcd7b82165bd7e046f,52.047478
f5252260e314a67b1014697d87f2a698,72.912094
796729b3f9d952e174ff78152671f152,129.99483
451bfdb5981e5efad36106c9f247719e,85.91243
1e9018cbdc1519a659ddc4a2dabb2266,49.37745
b6bc620e62976b5b6c15317ee50eecc6,67.04518
32c006507b32b55502d8539f15bd1b40,75.768936
49ccd31699cb3803a4f48b8662a062a8,169.36186
49b87176ed6309cb3512af59998744ac,81.07655
9e546fe591f61298502d5494f5d4b75f,88.87349
99dc4fcc21cd1052259ce7fac43d2229,83.9483
6c1e85cb5645bff0c4e151e684d79d5f,96.98023
72bcc311ab251f02f795c58a255e03d5,98.4738
9f7fba2c246a640abe2466c422c88a33,76.944016
f1eec359979df13ef4eb8d24724192a5,84.368324
dc40e82e54cfa8d64dcd4148af5cb12b,61.917233
e51ef6e13a711a15f5455e0a0dea84f3,69.933815
46a2a67439999cfb21d1fbbd4b710b5c,103.78534
b3b9759fac4adbe3ecae3c31db4c4f91,68.2286
d170995c3cd3ad1fca89868a0cc981f9,66.74327
2982ee55859a0def2678beda550e8dc4,59.918102
50a910f30c40ccd5ad17232305ac0e0b,54.835014
9dbb5d2394e2544d5b17f6222682a621,53.85727
cc9870304f5750f72503d58aa89c6798,42.867638
3af11e19fdf2bee4fff3157b58b7948c,57.270607
5deb4dc5c0ab80a9199e348d0b89259f,53.538013
e6e63bb895ce7ec8f85c327cb7ee493c,74.56462
f739ac97e36304f46fad2afbe272e7ca,70.193825
9c1f691cf8818e6d0b724dfb36e74883,86.37936
3580d4b4e832b528e0cc4a84e6eadb65,90.49476
cb85df563e1e22562963c5eb732ac88d,66.4785
55d7a7eb2fe2d0d500bfd1e2d20f84d8,124.689964
5505e05187ffe23769dae2bd112ba2a0,70.62007
d239dcdb30b9e99c69e7fdb72d7d2fe2,53.778442
72e9001e5f8950b24250f2be0a87fce0,88.12966
2406437d67f6ca163dee5b82bbc19d2e,48.06359
756d9d93bb0e9831cc9fc31435d92b54,104.65524
cd0de516ba9aed43611f633e31cc0641,84.56111
b54ad8c98dfa587f29b386c6e13f3f31,69.73332
fbec75cdfa631659782dd1ee771a9a21,76.409584
8074e7caaf0fa55150d06619f5b0f347,97.3939
d11e1306c990281ffa2bfb6fb2695c58,91.70393
9ed65efcd1d76024a97051c9800d3370,99.87271
e87850a4e98adf4515cbcdaa33247c77,83.90726
123bb583303cacd65ae42cd85bdf7694,97.76858
16c3e255c1672442d7fb85e2838e04ee,63.8872
f4b7a5bbd3582dc0fe1d85188e792860,60.72846
28bbb5a282b8cd339c0fcb9b94013db5,55.85725
d4a9ae159d3d5e849f378e58d2b77158,100.93149
49845e33bd5460f98688897bc4c15901,58.685036
6524fba0a126c5967e4db44221b02fc5,96.85681
3e09a9311c8751a35a69a30dd2d8cc42,137.11981
7ebab6283d87c169291afd709bd9b4d7,110.03901
4d322b65c5ff3c0ab5a68661fe499c33,66.16356
7062f976e809b9359859f78c44630cf0,54.673874
78f8009702d808c6ca11a0944ac9c3e6,77.6483
965e0defd4ead563eadc1a7c34b4edb7,88.57661
7cc742a7e52a2ac5a2e127de603f5747,125.90203
ea3e91b7044baf9edab6bb354c4e12ef,128.71121
f629881954df817b768c981ad52c56ce,111.15882
946becbc30791d67c13dbf77900d4780,54.97098
1666d65acfbb64e11dbd2f6dcb102504,42.180244
a75b08ded9746a32ad939400a606ec78,73.06255
c9a0f7ac9248ac93b6002940557fa1ec,62.21873
250af09a77fd4360cd35d20ea6ffe40d,57.0293
8b1f0ad66302ec45db62eaad9e3f52b1,60.58268
768aadb3229272a301942f49ce2a3561,96.9209
2520b7588c0a7aea0b8c07e500f1adac,96.725105
3aea8b462611ef7aaa3b0b1e5ba31dec,128.48466
23dad6821452dad72adc264d35a92011,108.658005
2560b93afbb35fc3cb1d1e4f28ea4364,69.30863
685638c8a8c9ceac2e31aa74d6559646,59.845512
316d117171a2b7568c2cba3da622fd09,82.4292
6eec5ff46ff13c15bb93302ce7384f0f,83.91966
34fd4567b0e6357449f0e55f3564dd4d,76.268814
35f8302686d5f6e861a11999fd695688,103.19304
552934aa03c478e9f7a4930cf49415e2,74.85494
6359557fb92dc12a70fa808417c83bce,165.85243
a4a41c75b0dbefab16cba2d7f0651b9d,64.41364
5481c1d3df1c80721e8ac2e5def624a2,58.817112
a0efe6a7f7a72ab3e9788e8b325a14aa,104.34479
1903a87d57feab3b8938a08df38ac30a,55.189495
b4521eba374d6cd0324884eb5aeb6faa,100.72956
dc9d62c8b69700b1038c9ed0dbf7966e,48.942307
c1f32942ef77ac5c9ed986aac6ab98c5,78.827126
6927e22f7f1a09ebbcd3e23877962aba,65.529816
0207ddc613e1ca95c256f8d7cde143c9,67.008
3dc345c3e5a4a4e092966769e7ca2c3c,51.64863
932dc2aa2c0f913fe7af4953e56f0d28,61.936203
d2440d48d6874e8fb1a2e6a4fc5e3ffa,80.50449
243a536eb48c2e11c4523dff82f18aa0,57.678833
092c3440f5ec9c701ac58c922cfb53d5,52.31126
ef769fe1c3c3a0a53750f79699ae30ac,45.576363
586acf1b5a58bcd4d53c8e76eefd320c,66.11635
2636c8be3c0c06443e51781bef24ded4,54.45983
a129d8fbfbeb065ed47a56af1868e9f3,34.21485
deb6bee4d52e1e68ec69f3cda3ea1dc8,43.310238
dbdf861759d6f23a91197681619d0b0e,49.513508
52969eed6d64e76d4f394df0e780a8aa,57.018196
c7aa66d4c80687dcc36d5cb1e1543c88,49.41375
f1d910271fe4182d87bdea049b7749c4,53.86853
6929567adf0f376a9551f92a428caae9,54.949463
06b72ea1d09d35cf9a6b6288d2c2b0b1,52.330322
38c3d256416573225b90ea09697a7337,51.504642
3770947519b3c5822986604caacc98b8,47.15387
798ab24691d9e866ae1b6551d0fb41f6,63.25561
b6163e4047fb43c759e85e81bfc50a48,60.265884
e28c215be22df051f3842858bd355fe5,46.551533
7962ea95866461c337451fc55efe37b1,56.240654
15a4a73f7dc729a143d76a5c29a2fc5d,53.45806
69d7271a980260cfc85ec6ca7c20ffa6,45.834415
d840bf8996493e5f7f6812c9906c182b,53.59943
29bf918d93636f18ad0c2112f95386be,58.87801
39502f2952c3fa36eccf5d20afe93d05,82.5566
7c05d6be9347c346176908980f48954a,55.40242
0fe7755ccc3c686edf3a83add8750254,67.658905
054afb2b70f3a8615e82c1a19046da14,74.58276
07f1ee7649eee709037f2fed7df54459,100.05863
09f7833690058e7063beddc9b0d54c00,83.543526
141561c68fba692893a393e9f7ec25a6,119.00507
a47de2ea82035c16d93aed31dce51afc,119.03217
e63690e43c9d37879bb0c2ff9955572e,88.10919
6ca50007c908d994621b6b4c0ddc2584,45.067795
31bc1f819f140e4b9718959059942552,87.62234
6bd9ffbbbf43ec5403c396a0b99a9744,126.61142
822c8f530fda05cc90e63a2197e413c6,90.9435
72c97af6dfda8cb6821c92003293bf02,89.149734
5800021c376b9e0ea919d199550a08a9,87.27787
f32ed1de0a20cbeac916b20e31129909,61.315407
250a9834a5d8d2343853e6e06d6364f4,114.86952
d965e0dd48a0bf9a66d9e644c498fb5a,148.73982
e7b1438a51cff35ff53a9574465dbb6c,63.221916
ac4978ebe14f6334e82f52ab462ac9ec,83.23947
7ba4d39f36c132fa0b7f738245e6776b,82.143974
4e34559a51dba37cf14a8633104dabb3,129.46497
57d39574396e6beb7a61f411a414b809,77.19839
7b45c916108096327a9c8c764866a5ff,92.12334
d720a49a4cb0c50d5c24fce63c4f45c8,73.033875
ca84516cf0c44fbbd0ecd7c6f66e192c,106.78862
e5e928f447322c330851bae5ea7825c7,75.621155
8f7382076fad3e46136929bbc55089e6,118.32449
e3db1a022536d161ec53186053b1d372,130.02263
3682ba3ab361f45b898b7f34333a4b76,74.04276
544667f637294991a94a7ade96233609,96.04548
b0a5926787f616c8da8f2af26bae8b83,84.76143
ebb07d135344c9a5042af04fceaf8bb1,85.658295
5c278509181b22da349e6dfa36d1fe5f,79.5513
78671d7c8f054b7ff6be5ddb0dd83f68,95.177086
f0a8a19c4ed1290ff0ae344c8fd08b5a,69.43783
1b2bd68f9dbb2cb2aa55eb2b7f5f189b,60.82208
51569bf93eb8316fb28a50de4ee51604,133.342
b9ded604e33a583d15b14145a13c7d3e,75.80398
7ba039077e4ada3e97c58d3dc522a7a6,68.090126
07060ed029be738a3fe20923bec65d78,104.92337
ec00c1ff3a9b31a21f4180b1ba1f392e,76.48617
0c72817132c5a7e2c9a267fd35aa8eab,96.607086
1805a759be64042bb1e1c34a326b7a39,75.7207
e66ed70f63fcd260eaee39e1a8c9f2aa,71.513115
85e6f2572a12b4c5597fe9d4bcc0b85d,61.308643
3bdbca3bb137b8c877f5faa3787f7a90,94.23706
477f2116b94c721a8377b6dd58ed8867,90.27065
9c0b995d34d7f9a1ba8ce3377b8598bb,95.15873
604f36030e755f16702260948c2b38b4,53.072617
b8a1cc826cc9a7190a79e45d41a0a7e2,72.39957
6070afd20ce7e985011ee81d2b1fa81b,114.58643
ecbce93d6f2b40a4b7c68ae7aedfd0d1,178.51811
8eafa883a0134530e6efe9a595e26a8b,87.56599
ea54180fae6091e66d941130f202a0b0,94.9802
e6476c37a745d2480817fd08ab6055a3,64.02716
f6a2a491df36ae17341676cf93cbea10,55.51999
d4255efc65c17d180636bd15417d6413,70.323
391fad54babb8e2e84202e066c88baf5,52.220562
f2343d8947d3844af990906a1515cbaa,38.965057
46cad1f8e7ae6aad951e58132052e683,77.31845
7ec9e7594fb059832a089ac0ced46ca4,62.22756
8f54e6d34c1b0ab334eb9b6b433c8f8f,91.91026
4ae4a38f88effd6b068ecd86724414b7,105.132324
3e087e393c069b7c46233f5f7280d392,69.09951
07c62a5e700dfdf097debc114c293f40,70.14346
a3961ee889cabd370c6d0bd423accd18,80.04514
1d7db75cb4e5fcd345619c5146551867,63.243263
aaf0616e09098b04b35f99291a5c9abc,70.94652
e786c913118e750670f5257994a8b1fc,54.789833
aabf67dcb0a1c5f1b4296c1ef53b90e2,80.672905
dc5f6519dd4c1b54cd90f2e07132f46d,56.527935
cb3edcf9785800f01cec7d33264f76d3,58.61035
8b73c89f8acaacb1f80a6dbc0d7292ef,82.46286
e04683a2199dddd48f1ff8dd3fc9191d,86.11166
f75a91982a7929970e73d20d58b5da51,88.604645
2ed4b645df9ab97ccf13c38264f31519,38.972366
063cd5737fbc1f89fea4e7a179809029,101.90682
1871df0c7918b6076763e1d975708d97,78.438
5227d3c5d35e0ba15fe68c34e2bc0317,55.25542
d207908901c6a49e5595ebd28976644d,71.32483
fba026fbd0bfae69d06bd23460a7503b,47.37615
21c3ca0cd8e7f0e2c3f913fa02cb37a6,71.69793
40040ebaa85f660f093a3b13f83b4d91,48.30532
3f367846fddd251d3799ac5465b73cd3,51.40529
882578d63d7521dae0392d74fb3fb18c,44.53507
249c4bac52d75e2e4b6ba702665eb48e,45.432457
f9443e07ec9f41ebc2ad2912d5391d11,76.68877
37193ab242f6e2dabb22f6bd08fd22e5,84.91808
b415988006129fb913b030959d61aaa7,41.36061
bb3cb1d5838b79bdd0bccc4f449418c6,53.315777
e930a0f3a5e02d13a7e983acec6b0272,49.49702
f853ff1edfe580495f9519b1d9a7f015,50.63858
7688889b663d362689c5845d76290864,52.873535
d5daf5343e7b5c3cc7927f361c2b6871,71.88098
4f36878f2b1bb37575ea9b7cd9cdf5ae,69.27239
110b9096499c62f8d3d1054045ba59f2,89.31503
118cb0a61fe18923ded8eb5b298868ef,88.909065
c2e3bad944844bee66af9d831e14f2e1,68.71892
aef0444688f3b0ca345a1ef32f0e917f,68.81419
a0c6bc7dda78040a5f78a075c20fb6af,54.1727
b3792687bcec3448bc233f6fcb839945,65.12432
369ce2f816d6ec934aa0b0de34a7d20f,82.54812
94742139fca92cc8441c715c1f827a8b,65.57631
9bcefc24a68dc6529d81473cfaa4fcf1,90.86439
669b0209a6555e1999b9d7fcfb05a3f0,51.799103
2aaafd97cd456421388642956a381c46,112.104126
e2dc0476267cd43faeeaa8b08a5fefc1,85.94604
c558b058f0ad8c375513d028a56fe106,67.496574
9f079dfd72ae0ac798ab4fde1ff7c5dd,39.83434
46587907f209513aa5e6b5a2ad6b6925,108.88829
69cad204e60f321053f9bc2a504f1780,57.305965
a1aee7e27674c000742d21e9ad8f6cec,53.9826
0496a6cf8650ec27198463c97d0e58bc,81.76376
e52f0f8b6fd7a1749ea12b986f29696d,62.94422
30c0de87eae88a94cc9db9bd69c67bc1,98.270195
825ac2f0e674529a87c3150954e8c038,116.14192
24ab785c15075c2e34b42d4fc84c4325,70.484535
24ee2be6e9a8a8c9b641348e90f0a4c4,89.05671
a1629e5f4e2d0a44e143bf76ae9552d6,95.12513
d06d30ec755c8a58cc0770afb0870491,82.48212
e213b0017dc7af2c99732cda9e66cdfd,68.43054
e183614883ba86271af10bb705985c06,95.05896
4f521e0aab8c547bb11f1d211797817b,58.811375
9e795a48f28523b87c8cfeef3c1bb510,87.08591
957a90a7e95ab4e493d4e4c359d3753d,148.5864
d111557217e6b1ca5ddea50665b41c16,57.84434
85863b9b85a3a0e32b37abef5c434f26,97.60521
e4e0fff84550efac12ec4eaf428d5f59,81.33732
e5568a459c3a83f37f323286ddde14d2,44.08236
8a57720096bef02f5be040638198752b,48.677864
42ee7c36256c9a8d5bb7414e6c72ead6,46.36008
0531310ae12f8d51f368e4c10ec74a40,69.79985
f42c70c1946a675c2de502708ac6cd16,64.8686
40e26b2de625b6cc5803726a9fbd6db7,129.07233
103ce2347f22aafb13f255c278cade97,74.26322
4125823b77dde3ab53c84c66c6be0ae8,70.08575
574a57d8986e3397c9b13906acd59fcb,40.52357
9e5f46ab4d4b4887a0f742ed1648028d,58.81779
5cb6285dee9fa061cec61e349040db1f,67.60319
05d0644968f3ecf4271000ef66bec79b,56.93614
c96829b3e2ecde967661d91538428eb2,59.127903
9f2dffd1332cf9094cd96f37524f9841,56.316547
0bfcbb446ace08e1d9c5875db667f36c,45.721214
b1e1b6f1d0b48db6e238a524a5c3c5ab,45.510277
70fe4408f70942e5b78fceb6a24e2e34,79.970245
d7a54651f8bfda059fbe45fdbc7005b9,56.66304
7d575e45c5ea141845da464518eea1f0,65.226265
58ef7061ed6b781a1a0224f2bd90fd64,35.134754
ac39bdf121aa3ea95ef65b2dcb5dbe59,61.77331
e99d24aaca5d15841e5a7836b144a962,54.231678
20a34ed321c8de20f4ca302dcc0830d0,55.564457
aaa0460dfddc6300ca316274d85822d3,58.80091
15a4b54c173a1eeb7cfe93e7907fab00,47.01074
31c5f795448ca4e23fd689cd0f7d1fae,45.593254
a967b78cfee97cdc8cf70791b498874f,74.52185
75157e48e5b3dc464d77f272bb9c4e7e,53.963943
6673f5485097f44afee7a6cf2e08627f,41.95145
9d244f45540b6af971ee93848bc3a4d3,49.930397
6a65f36a1fae16636a96388570b0db61,51.793175
63cfd795a9f1b18bb775b179b0f58a69,83.94732
7b2efce5197f82f25b95a136b5142093,44.850605
ecd12dc7c00a0e72d3eb4b85ead28df1,75.36765
381ec732e3309aa7c9e5b1a57bcc4e53,55.998756
1ba31dc2069ddfa1c14c9fe2449fd30a,61.044147
a6b796ba1db4fc801ec5fa56d956fab7,54.900127
9ed18edc2247eb3342741a7f5fcda25e,57.554375
71b4a4141040e719c6a2768849787ee8,102.784836
e77cec3bc7e8931246a1ddd81050ca54,64.14461
6465b1f211709d39bc472356df3c7aa6,88.101456
0823c42f4a2f9c6ac1df870cc93c6625,73.81353
0d4faec358b78a77256aa8f3c46c5cf4,50.558685
7c8ca7ca719e4e2b7ee98e49d12cbbeb,67.28928
edc27b15dd5d32062c9b11b3882cf00f,55.226402
4f597d604a821a65d44e8e57d2f907ae,75.700836
eab5ae524c76161ab08e9e2ffdc1e841,45.150574
5117173eb1f134dfa3e83c340ede5e7e,44.99374
fea8fe44d1f2a8371735f42a30dac844,49.71154
65a5bdee234440854175020acd5966a1,57.433872
f70b2bd06faad02cdd62f7d79d8c4050,49.140263
2644cfc94b1112b13d6900d01d0de1eb,90.71489
4b31b5bbcee00e11484a7c48e0e46350,51.28088
e41cc304710e760e69aa84497f88bf0b,56.082485
301d5a1956b4c6799f07416e419e1c9f,71.60855
522f245ab1f97fd172ec50029a45841b,43.731445
1355262f8a150d486699a102145dd042,136.8735
df39d0fcbb4185d5bf8514715a1610c4,65.94609
df5604dab64249f15835270d63571af9,61.06887
9fc2e31a69654796ae063fa3430aa261,61.389545
a3a11ade0bd9d842430d3334f5c509be,48.45064
5e10ae929d6f6b8d6e29b1f96b72e032,46.238037
8bb0e067cf5302c62ded647d4aef6e5c,43.866123
e6d8943f2569ab2f705ebcb6e035cac2,53.208347
ce75edcc9ebb23144cd155bcad4d560a,51.63266
acf527d09e2d402489ad535fc7924021,53.569324
775e1bd2b8d7a4f3d695002061e31946,53.195843
105844ebc83d16637743b4b36e4c8a5c,49.287674
9b251f84738b7cc713114fb5ace62433,79.8438
0e44c162779665341b35f5457d1811d0,81.20546
594081e879d19bae2b9d2332b63708d9,46.847534
dfd873b3f81b3dba356fc7a33a698ddf,60.079594
6fb9d7944ed89b2cdb942e82a3146d11,54.914597
0ed2eb7a8bbb4a00c8efd32fa9c9c54c,70.8072
89641d2e83aa222d89c952309d3e8139,66.371994
0eed4822a08aaacb61d1e18de3572be4,63.29323
0ef6f3ba58ca0a0bf09b6260bc2be76a,62.44177
3bc4e5c34dc322036246d95173e8c32a,60.807617
6b595dc70382d1214c5640d90dd83605,66.22757
d01c78325ce7a063627c902bd9a94488,43.54391
ff5eb3121269e9350c9e1de083e5b3db,79.664856
83fbdfea95c4c8cf3d6722cadab706c3,56.49015
b26aa01faea5d28b47f35cf76c4f3148,87.47088
10407934c59d3db97345f2a75c2b9d72,40.5017
423ce3a97d3aea11bc346b7361b4ca07,74.2276
533de1ee30b7bcf8167ccfc9c7b93d1a,73.18382
e649d839565c1512c8a23206b5bdee8c,51.822983
55d259828c71df6e0eee47839c034407,57.137756
8ce10418a6d9e55f6bb9bbb78e915885,67.81402
3a72dbddcffbe014fda9f3d5a39969d2,62.956635
1154fcf6abbf5711551742b42e96dfea,59.90882
d0a0db509ca82710f97588989a4926a4,47.151237
bf4e270dc71d86c28f0de6baf3a52e43,44.38159
6a607e5a6ccec2fe057b7fe4d91f8dc9,46.711006
676a4ec6bb7a7f0f6c1417d2c98183ad,53.954117
b8fa62da2739fc7aa83af6f24fe161c8,43.064987
9e9908e1a593af48c7e72ace138bb0cf,92.9306
ba3c8526004fed49d048b0acf09fdcde,47.546978
1b06f1d88c6240b32913b7c7b06c7fdb,55.852127
59259dfb3a7d82d79b2c6f7861be64c6,99.673584
e3dabd389bd7eec60016fc4c1d11efb2,69.68113
b25f940b1ced4821afc14a1886b661cf,68.642006
9e4708b88d4d5521b89e6b299d083bb7,55.626583
38bcac073e857796c3e795c5874ea365,44.411694
f3d5b59473e197125a792ab70c5c90b6,45.77377
52a5da88b7693ea11a9ec6423c302726,44.750126
483d1b1693c360c3509a26fc3d331720,75.654785
a921fbff9199d6ffc34280e41d23ceae,47.441563
f43da22c0865463c5f60291d26f6b38f,45.621593
5b7a7e77630db080e35d2d6e4d04b373,47.634502
c9cc94e7ccd2f03421f173847f605b45,44.488533
44c9c0aa5aa48710e5038ddb7c4e520b,51.07954
19c76ebc31d1b9e8bfcd5805d72d1eb7,52.178574
3e6fa06be273a73aae63c9c24a4e653e,104.65857
ce829097aab36638e24726c8ff0b2b01,54.16238
dc2c831031f8ed780026ec89a280edf8,51.97623
1bfc0429832b9dab41d2a63eb8d9a076,64.16099
6204bac28a09b12bc5433bc86999fb4d,40.073566
3a1363725830e97a23a045fac3f859b1,57.99916
76c95100f03b2f2780b1c8fcda3299b8,55.380077
22dd0bf4975f5d9584e0f08a348d6f1f,51.56337
55675dd0f8342c8892bd50b57fd5a898,49.440422
d47628ba994a0269230ae37ad3c738e1,42.09236
9fc64c393d13ebc5f51e8ed7d0adf2c0,61.268604
ad3a9886cd3316cd8a9a70a454c99cc6,84.27587
b6d089f56d29a01888000a05dccdac01,91.612915
26aaa7c94abda8013064e322025f1b9b,76.689995
819561d8091f072264983a740ef24b3c,72.60081
29dc02af3960720612f8be16603a9652,51.38023
eb33a935712c1a0ca6646b2d89733ea2,41.11565
844f746ff505c01c088de90bce067b94,40.742496
9333ccf6fff635ba46e723cad5fd5fa7,72.26684
44412dab05f1590f48770b017353467f,56.1725
30e253444569445807edd05063e38f11,49.35494
9864c3f32bd1a57667441cd6d6f00d63,51.466503
c410b10260a7c5bf10d153a16801440e,41.337406
718a705093e9be3ce79f07566513d740,49.837856
55f6d9fcf922da9ac75879a36b75cc5c,58.79749
440871d3ae966c1486f36005e07944d2,42.911182
3d8cc5b44a07130eeacc02e139f5e1a6,49.860607
9dcf2fcd0f5128c60a36a410bd7a9006,46.01445
a707926dd1a5975fa0569b6223d0a48c,60.42131
7de46830b93c94a2f06fef04b1b3418e,46.6247
d6d0d4217e6f1beba9f62e7854fc6633,36.840733
78ded4255afe70b897e4d3ecb9c0848f,60.111958
a66b754a51d88ddae296533b20d747ca,53.18133
68a83ca86a9364bbddf720e61b1ff27b,48.540565
ab1ce3c529443eb2602f6144e5bd4c5b,47.128075
6d2171d54c21240db2ba5200bccb1807,82.10218
775574e1e336fb3efe12cfcf232cfb3d,45.82934
7bab6e0b75c2809baf29844666674650,59.00041
9e2f285ceb684d7455b38d6e71dc3eae,55.58518
84abf5c8f8c32bba320b8d284c0f2782,63.934525
f2bfa4cbba6803bd54c9ea1c0ffbafd5,50.570637
b0d66ff484cd8f5dc8653f8c6e8e8600,60.13498
f771a5c88afb09dc562936132712e2c8,63.0193
cd4b29e7f720a9dba4c99777c8f87b20,84.10213
e83d5847d7640f018a08f1dba421c511,61.893402
